%time,revolution,shaft_angle,FAKz,FSKx,FSKy,FSKz,FKx,FKy,FK,FaK,FDK,FwK,FAKy
0.0,0.0,0.0,229.6887,1.0,57.26783,0,-35.27157,978.4989,979.1344,229.6887,0.0,921.2311,0.0
3.787879e-05,0.002777778,1.0,240.5138,0.9998477,59.96682,0,-36.35223,981.2062,981.8794,229.6537,10.66877,921.2311,0.0
7.575758e-05,0.005555556,2.0,271.2988,0.9993908,67.64238,0,-37.76459,988.8671,989.588,229.5488,41.34931,921.2311,0.0
0.0001136364,0.008333333,3.0,323.4952,0.9986295,80.65641,0,-39.79268,1001.829,1002.619,229.3739,93.49171,921.2311,0.0
0.0001515152,0.01111111,4.0,397.0147,0.9975641,98.98687,0,-42.71388,1020.046,1020.94,229.1292,166.9981,921.2311,0.0
0.0001893939,0.01388889,5.0,489.1399,0.9961947,121.9563,0,-46.73797,1042.81,1043.857,228.8147,259.1478,921.2311,0.0
0.0002272727,0.01666667,6.0,605.2651,0.9945219,150.9095,0,-52.2645,1071.418,1072.692,228.4305,375.3269,921.2311,0.0
0.0002651515,0.01944444,7.0,740.0912,0.9925462,184.5255,0,-59.4259,1104.502,1106.1,227.9766,510.2376,921.2311,0.0
0.0003030303,0.02222222,8.0,888.9271,0.9902681,221.6344,0,-68.28409,1140.846,1142.888,227.4534,659.1931,921.2311,0.0
0.0003409091,0.025,9.0,1075.216,0.9876883,268.0814,0,-80.01082,1186.167,1188.862,226.8609,845.606,921.2311,0.0
0.0003787879,0.02777778,10.0,1265.059,0.9848078,315.4146,0,-93.50325,1232.025,1235.568,226.1992,1035.615,921.2311,0.0
0.0004166667,0.03055556,11.0,1485.015,0.9816272,370.2558,0,-110.1563,1284.872,1289.585,225.4687,1255.747,921.2311,0.0
0.0004545455,0.03333333,12.0,1724.924,0.9781476,430.0718,0,-129.7887,1342.108,1348.369,224.6695,1495.852,921.2311,0.0
0.0004924242,0.03611111,13.0,1985.845,0.9743701,495.1268,0,-152.7107,1403.887,1412.168,223.8018,1756.988,921.2311,0.0
0.000530303,0.03888889,14.0,2262.362,0.9702957,564.0703,0,-178.8334,1468.781,1479.628,222.866,2033.747,921.2311,0.0
0.0005681818,0.04166667,15.0,2568.234,0.9659258,640.3326,0,-209.2833,1539.995,1554.151,221.8623,2339.864,921.2311,0.0
0.0006060606,0.04444444,16.0,2888.865,0.9612617,720.275,0,-243.3593,1613.869,1632.114,220.791,2660.766,921.2311,0.0
0.0006439394,0.04722222,17.0,3245.259,0.9563048,809.134,0,-282.8474,1695.289,1718.723,219.6524,3017.424,921.2311,0.0
0.0006818182,0.05,18.0,3695.781,0.9510565,921.4617,0,-332.9285,1797.887,1828.453,218.4469,3468.104,921.2311,0.0
0.000719697,0.05277778,19.0,4426.309,0.9455186,1103.603,0,-410.7167,1965.016,2007.48,217.1749,4198.372,921.2311,0.0
0.0007575758,0.05555556,20.0,5475.365,0.9396926,1365.162,0,-523.3483,2204.385,2265.658,215.8368,5246.658,921.2311,0.0
0.0007954545,0.05833333,21.0,6876.154,0.9335804,1714.418,0,-678.2739,2522.113,2611.725,214.4329,6646.076,921.2311,0.0
0.0008333333,0.06111111,22.0,8473.948,0.9271839,2112.793,0,-865.0194,2880.526,3007.605,212.9637,8242.121,921.2311,0.0
0.0008712121,0.06388889,23.0,10094.0,0.9205049,2516.716,0,-1068.187,3238.24,3409.871,211.4296,9860.301,921.2311,0.0
0.0009090909,0.06666667,24.0,11114.71,0.9135455,2771.209,0,-1219.948,3453.228,3662.384,209.8311,10880.12,921.2311,0.0
0.0009469697,0.06944444,25.0,11235.25,0.9063078,2801.262,0,-1277.667,3460.42,3688.758,208.1687,11001.37,921.2311,0.0
0.0009848485,0.07222222,26.0,11251.32,0.898794,2805.27,0,-1323.706,3442.985,3688.678,206.4428,11018.39,921.2311,0.0
0.001022727,0.075,27.0,11260.14,0.8910065,2807.468,0,-1368.615,3423.108,3686.567,204.6541,11028.24,921.2311,0.0
0.001060606,0.07777778,28.0,11282.32,0.8829476,2812.999,0,-1414.881,3405.376,3687.611,202.8031,11051.5,921.2311,0.0
0.001098485,0.08055556,29.0,11314.07,0.8746197,2820.914,0,-1462.152,3388.882,3690.855,200.8903,11084.41,921.2311,0.0
0.001136364,0.08333333,30.0,11334.72,0.8660254,2826.064,0,-1507.775,3369.107,3691.107,198.9163,11106.35,921.2311,0.0
0.001174242,0.08611111,31.0,11357.86,0.8571673,2831.832,0,-1553.463,3349.026,3691.778,196.8817,11130.83,921.2311,0.0
0.001212121,0.08888889,32.0,11384.56,0.8480481,2838.491,0,-1599.383,3328.857,3693.144,194.7871,11158.98,921.2311,0.0
0.00125,0.09166667,33.0,11411.26,0.8386706,2845.147,0,-1645.042,3307.829,3694.305,192.6332,11187.19,921.2311,0.0
0.001287879,0.09444444,34.0,11435.3,0.8290376,2851.139,0,-1690.031,3285.396,3694.595,190.4206,11212.78,921.2311,0.0
0.001325758,0.09722222,35.0,11452.32,0.819152,2855.385,0,-1733.649,3260.695,3692.922,188.15,11231.43,921.2311,0.0
0.001363636,0.1,36.0,11458.24,0.809017,2856.861,0,-1775.168,3232.955,3688.255,185.8221,11239.04,921.2311,0.0
0.001401515,0.1027778,37.0,11453.58,0.7986355,2855.698,0,-1814.542,3202.373,3680.728,183.4376,11236.13,921.2311,0.0
0.001439394,0.1055556,38.0,11437.28,0.7880108,2851.635,0,-1851.477,3168.835,3670.079,180.9972,11221.67,921.2311,0.0
0.001477273,0.1083333,39.0,11411.2,0.777146,2845.131,0,-1886.148,3132.802,3656.775,178.5017,11197.47,921.2311,0.0
0.001515152,0.1111111,40.0,11374.95,0.7660444,2836.093,0,-1918.385,3094.297,3640.724,175.9518,11163.13,921.2311,0.0
0.00155303,0.1138889,41.0,11336.83,0.7547096,2826.59,0,-1949.505,3054.981,3624.014,173.3483,11127.03,921.2311,0.0
0.001590909,0.1166667,42.0,11301.05,0.7431448,2817.669,0,-1980.221,3015.664,3607.701,170.692,11093.33,921.2311,0.0
0.001628788,0.1194444,43.0,11261.95,0.7313537,2807.921,0,-2009.541,2975.313,3590.368,167.9837,11056.38,921.2311,0.0
0.001666667,0.1222222,44.0,11225.49,0.7193398,2798.828,0,-2038.507,2935.039,3573.509,165.2242,11022.11,921.2311,0.0
0.001704545,0.125,45.0,11186.45,0.7071068,2789.094,0,-2066.18,2893.919,3555.821,162.4144,10985.33,921.2311,0.0
0.001742424,0.1277778,46.0,11146.76,0.6946584,2779.199,0,-2092.891,2852.325,3537.789,159.5552,10947.95,921.2311,0.0
0.001780303,0.1305556,47.0,11108.79,0.6819984,2769.731,0,-2119.082,2810.682,3520.006,156.6473,10912.33,921.2311,0.0
0.001818182,0.1333333,48.0,11072.89,0.6691306,2760.781,0,-2144.832,2769.051,3502.563,153.6917,10878.84,921.2311,0.0
0.001856061,0.1361111,49.0,11041.13,0.656059,2752.863,0,-2170.564,2727.767,3485.98,150.6894,10849.56,921.2311,0.0
0.001893939,0.1388889,50.0,11019.29,0.6427876,2747.417,0,-2197.455,2687.729,3471.699,147.6411,10830.21,921.2311,0.0
0.001931818,0.1416667,51.0,11007.46,0.6293204,2744.468,0,-2225.606,2648.87,3459.745,144.5478,10820.92,921.2311,0.0
0.001969697,0.1444444,52.0,11006.68,0.6156615,2744.274,0,-2255.302,2611.26,3450.371,141.4105,10822.69,921.2311,0.0
0.002007576,0.1472222,53.0,11017.81,0.601815,2747.048,0,-2286.802,2574.926,3443.793,138.2301,10836.37,921.2311,0.0
0.002045455,0.15,54.0,11038.65,0.5877853,2752.245,0,-2319.733,2539.436,3439.462,135.0076,10859.81,921.2311,0.0
0.002083333,0.1527778,55.0,11067.91,0.5735764,2759.539,0,-2353.878,2504.508,3437.048,131.744,10891.68,921.2311,0.0
0.002121212,0.1555556,56.0,11098.17,0.5591929,2767.085,0,-2387.699,2469.029,3434.707,128.4403,10924.59,921.2311,0.0
0.002159091,0.1583333,57.0,11129.02,0.544639,2774.776,0,-2421.094,2432.939,3432.33,125.0974,10958.11,921.2311,0.0
0.00219697,0.1611111,58.0,11157.07,0.5299193,2781.771,0,-2453.316,2395.794,3429.08,121.7165,10988.88,921.2311,0.0
0.002234848,0.1638889,59.0,11178.92,0.5150381,2787.218,0,-2483.571,2357.196,3424.105,118.2984,11013.48,921.2311,0.0
0.002272727,0.1666667,60.0,11193.62,0.5,2790.882,0,-2511.593,2317.105,3417.174,114.8444,11030.97,921.2311,0.0
0.002310606,0.1694444,61.0,11201.52,0.4848096,2792.853,0,-2537.406,2275.657,3408.379,111.3553,11041.71,921.2311,0.0
0.002348485,0.1722222,62.0,11205.42,0.4694716,2793.826,0,-2561.594,2233.267,3398.418,107.8323,11048.48,921.2311,0.0
0.002386364,0.175,63.0,11209.11,0.4539905,2794.744,0,-2584.997,2190.423,3388.238,104.2765,11055.08,921.2311,0.0
0.002424242,0.1777778,64.0,11222.47,0.4383711,2798.076,0,-2609.905,2148.221,3380.304,100.6889,11071.4,921.2311,0.0
0.002462121,0.1805556,65.0,11257.46,0.4226183,2806.801,0,-2639.165,2107.819,3377.587,97.07064,11109.34,921.2311,0.0
0.0025,0.1833333,66.0,11295.11,0.4067366,2816.188,0,-2668.406,2067.05,3375.364,93.42281,11149.92,921.2311,0.0
0.002537879,0.1861111,67.0,11330.9,0.3907311,2825.11,0,-2696.554,2025.449,3372.514,89.74653,11188.64,921.2311,0.0
0.002575758,0.1888889,68.0,11358.58,0.3746066,2832.012,0,-2722.091,1982.469,3367.486,86.04291,11219.26,921.2311,0.0
0.002613636,0.1916667,69.0,11375.03,0.3583679,2836.114,0,-2744.212,1937.938,3359.509,82.31307,11238.69,921.2311,0.0
0.002651515,0.1944444,70.0,11379.15,0.3420201,2837.141,0,-2762.583,1891.912,3348.312,78.55817,11245.83,921.2311,0.0
0.002689394,0.1972222,71.0,11370.67,0.3255682,2835.026,0,-2777.077,1844.533,3333.836,74.77933,11240.4,921.2311,0.0
0.002727273,0.2,72.0,11349.93,0.309017,2829.856,0,-2787.723,1795.999,3316.174,70.97771,11222.77,921.2311,0.0
0.002765152,0.2027778,73.0,11317.13,0.2923717,2821.677,0,-2794.516,1746.489,3295.383,67.15448,11193.32,921.2311,0.0
0.00280303,0.2055556,74.0,11276.31,0.2756374,2811.5,0,-2798.416,1696.451,3272.473,63.31079,11155.79,921.2311,0.0
0.002840909,0.2083333,75.0,11233.37,0.258819,2800.794,0,-2800.871,1646.38,3248.914,59.44781,11116.69,921.2311,0.0
0.002878788,0.2111111,76.0,11188.17,0.2419219,2789.525,0,-2801.839,1596.313,3224.673,55.56673,11075.15,921.2311,0.0
0.002916667,0.2138889,77.0,11146.08,0.2249511,2779.029,0,-2802.668,1546.596,3201.079,51.66872,11036.72,921.2311,0.0
0.002954545,0.2166667,78.0,11102.42,0.2079117,2768.144,0,-2802.198,1496.964,3176.982,47.75497,10996.95,921.2311,0.0
0.002992424,0.2194444,79.0,11058.48,0.190809,2757.188,0,-2800.752,1447.515,3152.699,43.82667,10956.84,921.2311,0.0
0.003030303,0.2222222,80.0,11014.55,0.1736482,2746.236,0,-2798.414,1398.281,3128.308,39.88503,10916.78,921.2311,0.0
0.003068182,0.225,81.0,10972.51,0.1564345,2735.755,0,-2795.667,1349.352,3104.272,35.93123,10878.67,921.2311,0.0
0.003106061,0.2277778,82.0,10936.86,0.1391731,2726.864,0,-2793.667,1300.875,3081.696,31.96649,10846.89,921.2311,0.0
0.003143939,0.2305556,83.0,10911.55,0.1218693,2720.556,0,-2793.447,1252.904,3061.555,27.99201,10825.33,921.2311,0.0
0.003181818,0.2333333,84.0,10897.68,0.1045285,2717.096,0,-2795.304,1205.349,3044.107,24.00901,10815.28,921.2311,0.0
0.003219697,0.2361111,85.0,10895.78,0.08715574,2716.623,0,-2799.397,1158.087,3029.486,20.01869,10817.23,921.2311,0.0
0.003257576,0.2388889,86.0,10905.36,0.06975647,2719.012,0,-2805.613,1110.969,3017.568,16.02227,10830.77,921.2311,0.0
0.003295455,0.2416667,87.0,10926.0,0.05233596,2724.158,0,-2813.851,1063.855,3008.246,12.02098,10855.37,921.2311,0.0
0.003333333,0.2444444,88.0,10956.95,0.0348995,2731.874,0,-2823.92,1016.607,3001.335,8.01602,10890.02,921.2311,0.0
0.003371212,0.2472222,89.0,10991.98,0.01745241,2740.608,0,-2834.213,969.0788,2995.309,4.008621,10928.11,921.2311,0.0
0.003409091,0.25,90.0,11026.26,2.947812e-15,2749.155,0,-2843.486,921.2311,2988.993,6.770792e-13,10965.75,921.2311,0.0
0.00344697,0.2527778,91.0,11061.64,-0.01745241,2757.977,0,-2852.207,873.0803,2982.843,-4.008621,11004.56,921.2311,0.0
0.003484848,0.2555556,92.0,11095.44,-0.0348995,2766.403,0,-2859.674,824.6502,2976.203,-8.01602,11041.83,921.2311,0.0
0.003522727,0.2583333,93.0,11128.57,-0.05233596,2774.663,0,-2866.117,775.9642,2969.301,-12.02098,11078.26,921.2311,0.0
0.003560606,0.2611111,94.0,11160.73,-0.06975647,2782.681,0,-2871.459,727.0515,2962.073,-16.02227,11114.51,921.2311,0.0
0.003598485,0.2638889,95.0,11192.05,-0.08715574,2790.491,0,-2875.717,677.9369,2954.546,-20.01869,11149.45,921.2311,0.0
0.003636364,0.2666667,96.0,11222.43,-0.1045285,2798.065,0,-2878.862,628.6497,2946.701,-24.00901,11183.41,921.2311,0.0
0.003674242,0.2694444,97.0,11244.27,-0.1218693,2803.512,0,-2878.949,579.448,2936.683,-27.99201,11208.8,921.2311,0.0
0.003712121,0.2722222,98.0,11253.59,-0.1391731,2805.835,0,-2874.965,530.5965,2923.518,-31.96649,11221.64,921.2311,0.0
0.00375,0.275,99.0,11245.22,-0.1564345,2803.749,0,-2865.621,482.4735,2905.954,-35.93123,11216.79,921.2311,0.0
0.003787879,0.2777778,100.0,11218.57,-0.1736482,2797.104,0,-2850.801,435.3481,2883.85,-39.88503,11193.63,921.2311,0.0
0.003825758,0.2805556,101.0,11175.83,-0.190809,2786.448,0,-2831.11,389.3644,2857.759,-43.82667,11154.39,921.2311,0.0
0.003863636,0.2833333,102.0,11127.77,-0.2079117,2774.464,0,-2809.314,344.1842,2830.32,-47.75497,11109.86,921.2311,0.0
0.003901515,0.2861111,103.0,11079.37,-0.2249511,2762.397,0,-2786.701,299.6078,2802.761,-51.66872,11065.59,921.2311,0.0
0.003939394,0.2888889,104.0,11040.84,-0.2419219,2752.79,0,-2765.828,255.0362,2777.562,-55.56673,11030.73,921.2311,0.0
0.003977273,0.2916667,105.0,11025.48,-0.258819,2748.962,0,-2749.996,209.4975,2757.964,-59.44781,11019.03,921.2311,0.0
0.004015152,0.2944444,106.0,11013.12,-0.2756374,2745.878,0,-2734.13,164.0995,2739.05,-63.31079,11010.37,921.2311,0.0
0.00405303,0.2972222,107.0,11001.13,-0.2923717,2742.889,0,-2717.582,119.0084,2720.187,-67.15448,11002.06,921.2311,0.0
0.004090909,0.3,108.0,10988.83,-0.309017,2739.822,0,-2700.191,74.28564,2701.213,-70.97771,10993.76,921.2311,0.0
0.004128788,0.3027778,109.0,10976.41,-0.3255682,2736.727,0,-2682.012,29.93215,2682.179,-74.77933,10985.36,921.2311,0.0
0.004166667,0.3055556,110.0,10965.11,-0.3420201,2733.909,0,-2663.345,-14.1422,2663.383,-78.55817,10977.6,921.2311,0.0
0.004204545,0.3083333,111.0,10953.31,-0.3583679,2730.967,0,-2643.816,-57.79451,2644.448,-82.31307,10970.2,921.2311,0.0
0.004242424,0.3111111,112.0,10941.77,-0.3746066,2728.09,0,-2623.608,-101.0768,2625.554,-86.04291,10962.85,921.2311,0.0
0.004280303,0.3138889,113.0,10930.25,-0.3907311,2725.217,0,-2602.671,-143.9555,2606.65,-89.74653,10955.76,921.2311,0.0
0.004318182,0.3166667,114.0,10919.02,-0.4067366,2722.418,0,-2581.081,-186.4474,2587.807,-93.42281,10949.11,921.2311,0.0
0.004356061,0.3194444,115.0,10908.94,-0.4226183,2719.904,0,-2559.036,-228.6332,2569.229,-97.07064,10942.95,921.2311,0.0
0.004393939,0.3222222,116.0,10898.22,-0.4383711,2717.232,0,-2536.132,-270.3189,2550.498,-100.6889,10936.7,921.2311,0.0
0.004431818,0.325,117.0,10888.47,-0.4539905,2714.799,0,-2512.746,-311.6665,2532.001,-104.2765,10931.27,921.2311,0.0
0.004469697,0.3277778,118.0,10879.11,-0.4694716,2712.466,0,-2488.753,-352.6093,2513.607,-107.8323,10926.25,921.2311,0.0
0.004507576,0.3305556,119.0,10869.9,-0.4848096,2710.17,0,-2464.1,-393.1093,2495.26,-111.3553,10921.34,921.2311,0.0
0.004545455,0.3333333,120.0,10861.31,-0.5,2708.028,0,-2438.902,-433.2158,2477.079,-114.8444,10917.01,921.2311,0.0
0.004583333,0.3361111,121.0,10852.98,-0.5150381,2705.952,0,-2413.087,-472.8786,2458.984,-118.2984,10912.94,921.2311,0.0
0.004621212,0.3388889,122.0,10845.0,-0.5299193,2703.962,0,-2386.678,-512.0998,2440.999,-121.7165,10909.31,921.2311,0.0
0.004659091,0.3416667,123.0,10837.59,-0.544639,2702.114,0,-2359.729,-550.9026,2423.183,-125.0974,10906.09,921.2311,0.0
0.00469697,0.3444444,124.0,10830.42,-0.5591929,2700.326,0,-2332.178,-589.2355,2405.463,-128.4403,10903.21,921.2311,0.0
0.004734848,0.3472222,125.0,10823.77,-0.5735764,2698.669,0,-2304.09,-627.1318,2387.912,-131.744,10900.71,921.2311,0.0
0.004772727,0.35,126.0,10817.56,-0.5877853,2697.122,0,-2275.453,-664.5728,2370.515,-135.0076,10898.59,921.2311,0.0
0.004810606,0.3527778,127.0,10811.63,-0.601815,2695.643,0,-2246.24,-701.5281,2353.24,-138.2301,10896.73,921.2311,0.0
0.004848485,0.3555556,128.0,10806.13,-0.6156615,2694.271,0,-2216.489,-738.0129,2336.127,-141.4105,10895.25,921.2311,0.0
0.004886364,0.3583333,129.0,10800.99,-0.6293204,2692.988,0,-2186.193,-774.0104,2319.166,-144.5478,10894.06,921.2311,0.0
0.004924242,0.3611111,130.0,10796.14,-0.6427876,2691.781,0,-2155.348,-809.5049,2302.351,-147.6411,10893.16,921.2311,0.0
0.004962121,0.3638889,131.0,10791.47,-0.656059,2690.615,0,-2123.934,-844.466,2285.655,-150.6894,10892.52,921.2311,0.0
0.005,0.3666667,132.0,10787.21,-0.6691306,2689.555,0,-2092.009,-878.9294,2269.145,-153.6917,10892.15,921.2311,0.0
0.005037879,0.3694444,133.0,10783.15,-0.6819984,2688.54,0,-2059.536,-912.8479,2252.771,-156.6473,10891.94,921.2311,0.0
0.005075758,0.3722222,134.0,10779.37,-0.6946584,2687.599,0,-2026.541,-946.2319,2236.565,-159.5552,10891.94,921.2311,0.0
0.005113636,0.375,135.0,10775.83,-0.7071068,2686.717,0,-1993.024,-979.0649,2220.521,-162.4144,10892.12,921.2311,0.0
0.005151515,0.3777778,136.0,10772.45,-0.7193398,2685.874,0,-1958.978,-1011.325,2204.626,-165.2242,10892.41,921.2311,0.0
0.005189394,0.3805556,137.0,10769.22,-0.7313537,2685.068,0,-1924.411,-1043.002,2188.883,-167.9837,10892.78,921.2311,0.0
0.005227273,0.3833333,138.0,10764.48,-0.7431448,2683.885,0,-1889.041,-1073.782,2172.898,-170.692,10891.59,921.2311,0.0
0.005265152,0.3861111,139.0,10754.11,-0.7547096,2681.3,0,-1852.19,-1102.867,2155.672,-173.3483,10884.74,921.2311,0.0
0.00530303,0.3888889,140.0,10736.57,-0.7660444,2676.929,0,-1813.664,-1129.908,2136.836,-175.9518,10870.79,921.2311,0.0
0.005340909,0.3916667,141.0,10718.67,-0.777146,2672.463,0,-1774.668,-1156.152,2118.05,-178.5017,10856.33,921.2311,0.0
0.005378788,0.3944444,142.0,10706.43,-0.7880108,2669.413,0,-1736.199,-1182.78,2100.799,-180.9972,10847.47,921.2311,0.0
0.005416667,0.3972222,143.0,10704.63,-0.7986355,2668.965,0,-1698.962,-1210.78,2086.255,-183.4376,10848.92,921.2311,0.0
0.005454545,0.4,144.0,10722.74,-0.809017,2673.479,0,-1664.326,-1242.134,2076.747,-185.8221,10870.16,921.2311,0.0
0.005492424,0.4027778,145.0,10767.83,-0.819152,2684.722,0,-1633.164,-1278.434,2074.035,-188.15,10918.23,921.2311,0.0
0.005530303,0.4055556,146.0,10816.49,-0.8290376,2696.854,0,-1601.738,-1315.026,2072.404,-190.4206,10969.76,921.2311,0.0
0.005568182,0.4083333,147.0,10866.49,-0.8386706,2709.321,0,-1569.697,-1351.453,2071.322,-192.6332,11022.54,921.2311,0.0
0.005606061,0.4111111,148.0,10915.57,-0.8480481,2721.558,0,-1536.714,-1387.231,2070.241,-194.7871,11074.36,921.2311,0.0
0.005643939,0.4138889,149.0,10963.52,-0.8571673,2733.511,0,-1502.775,-1422.287,2069.114,-196.8817,11124.94,921.2311,0.0
0.005681818,0.4166667,150.0,11012.77,-0.8660254,2745.792,0,-1468.225,-1457.127,2068.552,-198.9163,11176.73,921.2311,0.0
0.005719697,0.4194444,151.0,11052.79,-0.8746197,2755.77,0,-1431.695,-1489.444,2065.96,-200.8903,11219.23,921.2311,0.0
0.005757576,0.4222222,152.0,11082.24,-0.8829476,2763.113,0,-1393.127,-1518.868,2061.01,-202.8031,11251.09,921.2311,0.0
0.005795455,0.425,153.0,11097.33,-0.8910065,2766.876,0,-1352.192,-1544.478,2052.763,-204.6541,11268.55,921.2311,0.0
0.005833333,0.4277778,154.0,11097.77,-0.898794,2766.984,0,-1309.032,-1566.111,2041.144,-206.4428,11271.31,921.2311,0.0
0.005871212,0.4305556,155.0,11083.49,-0.9063078,2763.425,0,-1263.825,-1583.665,2026.142,-208.1687,11259.34,921.2311,0.0
0.005909091,0.4333333,156.0,11055.22,-0.9135455,2756.375,0,-1216.838,-1597.215,2007.932,-209.8311,11233.31,921.2311,0.0
0.00594697,0.4361111,157.0,11013.69,-0.9205049,2746.022,0,-1168.333,-1606.855,1986.702,-211.4296,11193.98,921.2311,0.0
0.005984848,0.4388889,158.0,10964.46,-0.9271839,2733.747,0,-1119.05,-1613.802,1963.831,-212.9637,11146.9,921.2311,0.0
0.006022727,0.4416667,159.0,10911.89,-0.9335804,2720.64,0,-1069.529,-1619.039,1940.407,-214.4329,11096.41,921.2311,0.0
0.006060606,0.4444444,160.0,10858.04,-0.9396926,2707.214,0,-1020.019,-1623.039,1916.949,-215.8368,11044.59,921.2311,0.0
0.006098485,0.4472222,161.0,10804.83,-0.9455186,2693.946,0,-970.7268,-1626.253,1893.94,-217.1749,10993.32,921.2311,0.0
0.006136364,0.45,162.0,10751.86,-0.9510565,2680.74,0,-921.6276,-1628.598,1871.29,-218.4469,10942.22,921.2311,0.0
0.006174242,0.4527778,163.0,10698.32,-0.9563048,2667.391,0,-872.67,-1629.888,1848.807,-219.6524,10890.46,921.2311,0.0
0.006212121,0.4555556,164.0,10648.6,-0.9612617,2654.993,0,-824.2149,-1631.177,1827.586,-220.791,10842.41,921.2311,0.0
0.00625,0.4583333,165.0,10609.26,-0.9659258,2645.185,0,-776.7086,-1634.071,1809.272,-221.8623,10804.65,921.2311,0.0
0.006287879,0.4611111,166.0,10581.0,-0.9702957,2638.139,0,-730.0827,-1638.778,1794.05,-222.866,10777.87,921.2311,0.0
0.006325758,0.4638889,167.0,10566.79,-0.9743701,2634.596,0,-684.4027,-1646.059,1782.672,-223.8018,10765.03,921.2311,0.0
0.006363636,0.4666667,168.0,10566.83,-0.9781476,2634.606,0,-639.5164,-1656.006,1775.2,-224.6695,10766.37,921.2311,0.0
0.006401515,0.4694444,169.0,10581.23,-0.9816272,2638.196,0,-595.2618,-1668.682,1771.676,-225.4687,10781.97,921.2311,0.0
0.006439394,0.4722222,170.0,10608.67,-0.9848078,2645.037,0,-551.4007,-1683.793,1771.779,-226.1992,10810.49,921.2311,0.0
0.006477273,0.475,171.0,10647.56,-0.9876883,2654.735,0,-507.7048,-1700.974,1775.127,-226.8609,10850.37,921.2311,0.0
0.006515152,0.4777778,172.0,10695.57,-0.9902681,2666.705,0,-463.9398,-1719.659,1781.142,-227.4534,10899.29,921.2311,0.0
0.00655303,0.4805556,173.0,10745.17,-0.9925462,2679.073,0,-419.7112,-1737.993,1787.954,-227.9766,10949.72,921.2311,0.0
0.006590909,0.4833333,174.0,10795.84,-0.9945219,2691.705,0,-374.9928,-1755.833,1795.43,-228.4305,11001.13,921.2311,0.0
0.006628788,0.4861111,175.0,10844.69,-0.9961947,2703.885,0,-329.6979,-1772.452,1802.855,-228.8147,11050.69,921.2311,0.0
0.006632576,0.4863889,175.1,10855.1,-0.9963453,2706.481,0,-325.3048,-1775.444,1805.0,-228.8493,11061.2,921.2311,0.0
0.006636364,0.4866667,175.2,10855.01,-0.9964929,2706.458,0,-320.5958,-1775.818,1804.526,-228.8832,11061.2,921.2311,0.0
0.006640152,0.4869444,175.3,10864.24,-0.9966374,2708.759,0,-316.1536,-1778.501,1806.383,-228.9164,11070.5,921.2311,0.0
0.006643939,0.4872222,175.4,10864.15,-0.9967789,2708.738,0,-311.4395,-1778.861,1805.919,-228.9489,11070.5,921.2311,0.0
0.006647727,0.4875,175.5,10874.51,-0.9969173,2711.321,0,-307.0156,-1781.81,1808.067,-228.9807,11080.93,921.2311,0.0
0.006651515,0.4877778,175.6,10874.44,-0.9970528,2711.302,0,-302.296,-1782.156,1807.613,-229.0118,11080.93,921.2311,0.0
0.006655303,0.4880556,175.7,10883.55,-0.9971851,2713.574,0,-297.8238,-1784.779,1809.458,-229.0422,11090.11,921.2311,0.0
0.006659091,0.4883333,175.8,10883.48,-0.9973145,2713.556,0,-293.0992,-1785.111,1809.013,-229.0719,11090.11,921.2311,0.0
0.006662879,0.4886111,175.9,10893.73,-0.9974408,2716.112,0,-288.6437,-1788.001,1811.15,-229.1009,11100.42,921.2311,0.0
0.006666667,0.4888889,176.0,10893.66,-0.9975641,2716.095,0,-283.9136,-1788.317,1810.714,-229.1292,11100.42,921.2311,0.0
0.006670455,0.4891667,176.1,10903.8,-0.9976843,2718.623,0,-279.4408,-1791.164,1812.831,-229.1568,11110.62,921.2311,0.0
0.006674242,0.4894444,176.2,10903.73,-0.9978015,2718.606,0,-274.7053,-1791.464,1812.404,-229.1837,11110.62,921.2311,0.0
0.00667803,0.4897222,176.3,10912.68,-0.9979156,2720.838,0,-270.1893,-1794.0,1814.232,-229.21,11119.62,921.2311,0.0
0.006681818,0.49,176.4,10912.62,-0.9980267,2720.822,0,-265.4489,-1794.284,1813.813,-229.2355,11119.62,921.2311,0.0
0.006685606,0.4902778,176.5,10922.62,-0.9981348,2723.314,0,-260.9449,-1797.065,1815.911,-229.2603,11129.67,921.2311,0.0
0.006689394,0.4905556,176.6,10922.56,-0.9982398,2723.299,0,-256.1994,-1797.334,1815.502,-229.2844,11129.67,921.2311,0.0
0.006693182,0.4908333,176.7,10931.31,-0.9983418,2725.481,0,-251.6531,-1799.788,1817.296,-229.3078,11138.47,921.2311,0.0
0.00669697,0.4911111,176.8,10931.25,-0.9984408,2725.466,0,-246.9029,-1800.041,1816.895,-229.3306,11138.47,921.2311,0.0
0.006700758,0.4913889,176.9,10941.02,-0.9985367,2727.902,0,-242.3667,-1802.733,1818.952,-229.3526,11148.29,921.2311,0.0
0.006704545,0.4916667,177.0,10940.96,-0.9986295,2727.887,0,-237.6114,-1802.97,1818.56,-229.3739,11148.29,921.2311,0.0
0.006708333,0.4919444,177.1,10949.51,-0.9987194,2730.019,0,-233.0361,-1805.342,1820.32,-229.3946,11156.89,921.2311,0.0
0.006712121,0.4922222,177.2,10949.45,-0.9988061,2730.005,0,-228.2763,-1805.563,1819.936,-229.4145,11156.89,921.2311,0.0
0.006715909,0.4925,177.3,10958.9,-0.9988899,2732.361,0,-223.7072,-1808.144,1821.93,-229.4337,11166.39,921.2311,0.0
0.006719697,0.4927778,177.4,10958.85,-0.9989706,2732.347,0,-218.9427,-1808.349,1821.554,-229.4523,11166.39,921.2311,0.0
0.006723485,0.4930556,177.5,10968.07,-0.9990482,2734.646,0,-214.3561,-1810.856,1823.498,-229.4701,11175.65,921.2311,0.0
0.006727273,0.4933333,177.6,10968.01,-0.9991228,2734.631,0,-209.5869,-1811.043,1823.13,-229.4872,11175.65,921.2311,0.0
0.006731061,0.4936111,177.7,10975.91,-0.9991944,2736.603,0,-204.9636,-1813.207,1824.755,-229.5037,11183.61,921.2311,0.0
0.006734848,0.4938889,177.8,10975.84,-0.9992629,2736.585,0,-200.1902,-1813.375,1824.392,-229.5194,11183.61,921.2311,0.0
0.006738636,0.4941667,177.9,10984.35,-0.9993284,2738.705,0,-195.5666,-1815.671,1826.173,-229.5344,11192.18,921.2311,0.0
0.006742424,0.4944444,178.0,10984.28,-0.9993908,2738.69,0,-190.7891,-1815.825,1825.821,-229.5488,11192.18,921.2311,0.0
0.006746212,0.4947222,178.1,10991.47,-0.9994502,2740.482,0,-186.1318,-1817.778,1827.282,-229.5624,11199.42,921.2311,0.0
0.00675,0.495,178.2,10991.43,-0.9995066,2740.47,0,-181.3508,-1817.918,1826.941,-229.5754,11199.42,921.2311,0.0
0.006753788,0.4952778,178.3,10999.03,-0.9995599,2742.365,0,-176.6902,-1819.957,1828.514,-229.5876,11207.06,921.2311,0.0
0.006757576,0.4955556,178.4,10998.98,-0.9996101,2742.354,0,-171.9054,-1820.082,1828.182,-229.5992,11207.06,921.2311,0.0
0.006761364,0.4958333,178.5,11005.28,-0.9996573,2743.924,0,-167.215,-1821.778,1829.436,-229.61,11213.39,921.2311,0.0
0.006765152,0.4961111,178.6,11005.23,-0.9997015,2743.913,0,-162.4271,-1821.887,1829.113,-229.6201,11213.39,921.2311,0.0
0.006768939,0.4963889,178.7,11011.73,-0.9997426,2745.533,0,-157.7309,-1823.618,1830.427,-229.6296,11219.92,921.2311,0.0
0.006772727,0.4966667,178.8,11011.69,-0.9997807,2745.522,0,-152.9399,-1823.71,1830.112,-229.6383,11219.92,921.2311,0.0
0.006776515,0.4969444,178.9,11017.61,-0.9998157,2746.998,0,-148.2273,-1825.28,1831.289,-229.6464,11225.88,921.2311,0.0
0.006780303,0.4972222,179.0,11017.57,-0.9998477,2746.988,0,-143.4335,-1825.356,1830.983,-229.6537,11225.88,921.2311,0.0
0.006784091,0.4975,179.1,11022.15,-0.9998766,2748.13,0,-138.6964,-1826.576,1831.834,-229.6604,11230.5,921.2311,0.0
0.006787879,0.4977778,179.2,11022.11,-0.9999025,2748.12,0,-133.9003,-1826.635,1831.537,-229.6663,11230.5,921.2311,0.0
0.006791667,0.4980556,179.3,11026.29,-0.9999254,2749.162,0,-129.1525,-1827.738,1832.295,-229.6716,11234.71,921.2311,0.0
0.006795455,0.4983333,179.4,11026.25,-0.9999452,2749.152,0,-124.3544,-1827.781,1832.006,-229.6761,11234.71,921.2311,0.0
0.006799242,0.4986111,179.5,11029.09,-0.9999619,2749.861,0,-119.5868,-1828.534,1832.44,-229.68,11237.58,921.2311,0.0
0.00680303,0.4988889,179.6,11029.05,-0.9999756,2749.852,0,-114.7875,-1828.561,1832.16,-229.6831,11237.58,921.2311,0.0
0.006806818,0.4991667,179.7,11030.97,-0.9999863,2750.329,0,-110.007,-1829.065,1832.37,-229.6856,11239.53,921.2311,0.0
0.006810606,0.4994444,179.8,11030.93,-0.9999939,2750.32,0,-105.2068,-1829.075,1832.098,-229.6873,11239.53,921.2311,0.0
0.006814394,0.4997222,179.9,11031.44,-0.9999985,2750.447,0,-100.4114,-1829.214,1831.968,-229.6884,11240.08,921.2311,0.0
0.006818182,0.5,180.0,11031.4,-1.0,2750.437,0,-95.61099,-1829.206,1831.703,-229.6887,11240.08,921.2311,0.0
0.00682197,0.5002778,180.1,11030.69,-0.9999985,2750.261,0,-90.80526,-1829.024,1831.276,-229.6884,11239.41,921.2311,0.0
0.006825758,0.5005556,180.2,11030.65,-0.9999939,2750.251,0,-86.00521,-1828.999,1831.02,-229.6873,11239.41,921.2311,0.0
0.006829545,0.5008333,180.3,11028.55,-0.9999863,2749.726,0,-81.19059,-1828.452,1830.254,-229.6856,11237.35,921.2311,0.0
0.006833333,0.5011111,180.4,11028.51,-0.9999756,2749.716,0,-76.39159,-1828.411,1830.006,-229.6831,11237.35,921.2311,0.0
0.006837121,0.5013889,180.5,11025.45,-0.9999619,2748.952,0,-71.57387,-1827.608,1829.009,-229.68,11234.33,921.2311,0.0
0.006840909,0.5016667,180.6,11025.41,-0.9999452,2748.943,0,-66.7764,-1827.55,1828.77,-229.6761,11234.33,921.2311,0.0
0.006844697,0.5019444,180.7,11020.69,-0.9999254,2747.766,0,-61.95402,-1826.317,1827.368,-229.6716,11229.65,921.2311,0.0
0.006848485,0.5022222,180.8,11020.65,-0.9999025,2747.756,0,-57.15885,-1826.243,1827.137,-229.6663,11229.65,921.2311,0.0
0.006852273,0.5025,180.9,11014.5,-0.9998766,2746.223,0,-52.33653,-1824.637,1825.388,-229.6604,11223.55,921.2311,0.0
0.006856061,0.5027778,181.0,11014.46,-0.9998477,2746.213,0,-47.54436,-1824.546,1825.165,-229.6537,11223.55,921.2311,0.0
0.006859848,0.5030556,181.1,11007.81,-0.9998157,2744.555,0,-42.72864,-1822.799,1823.3,-229.6464,11216.96,921.2311,0.0
0.006863636,0.5033333,181.2,11007.76,-0.9997807,2744.543,0,-37.93978,-1822.689,1823.084,-229.6383,11216.96,921.2311,0.0
0.006867424,0.5036111,181.3,10998.98,-0.9997426,2742.353,0,-33.12719,-1820.394,1820.695,-229.6296,11208.22,921.2311,0.0
0.006871212,0.5038889,181.4,10998.95,-0.9997015,2742.346,0,-28.34247,-1820.272,1820.493,-229.6201,11208.22,921.2311,0.0
0.006875,0.5041667,181.5,10990.0,-0.9996573,2740.114,0,-23.54146,-1817.918,1818.07,-229.61,11199.3,921.2311,0.0
0.006878788,0.5044444,181.6,10989.97,-0.9996101,2740.108,0,-18.76106,-1817.781,1817.878,-229.5992,11199.3,921.2311,0.0
0.006882576,0.5047222,181.7,10978.58,-0.9995599,2737.268,0,-13.96988,-1814.803,1814.856,-229.5876,11187.94,921.2311,0.0
0.006886364,0.505,181.8,10978.56,-0.9995066,2737.263,0,-9.194927,-1814.65,1814.673,-229.5754,11187.94,921.2311,0.0
0.006890152,0.5052778,181.9,10965.78,-0.9994502,2734.075,0,-4.419105,-1811.308,1811.313,-229.5624,11175.19,921.2311,0.0
0.006893939,0.5055556,182.0,10965.75,-0.9993908,2734.069,0,0.3496699,-1811.138,1811.138,-229.5488,11175.19,921.2311,0.0
0.006897727,0.5058333,182.1,10953.22,-0.9993284,2730.944,0,5.108236,-1807.843,1807.85,-229.5344,11162.7,921.2311,0.0
0.006901515,0.5061111,182.2,10953.19,-0.9992629,2730.937,0,9.870861,-1807.655,1807.681,-229.5194,11162.7,921.2311,0.0
0.006905303,0.5063889,182.3,10937.66,-0.9991944,2727.065,0,14.60729,-1803.597,1803.656,-229.5037,11147.22,921.2311,0.0
0.006909091,0.5066667,182.4,10937.63,-0.9991228,2727.057,0,19.36245,-1803.392,1803.496,-229.4872,11147.22,921.2311,0.0
0.006912879,0.5069444,182.5,10922.8,-0.9990482,2723.36,0,24.07954,-1799.493,1799.654,-229.4701,11132.43,921.2311,0.0
0.006916667,0.5072222,182.6,10922.77,-0.9989706,2723.353,0,28.82755,-1799.273,1799.504,-229.4523,11132.43,921.2311,0.0
0.006920455,0.5075,182.7,10904.57,-0.9988899,2718.815,0,33.51281,-1794.518,1794.831,-229.4337,11114.28,921.2311,0.0
0.006924242,0.5077778,182.8,10904.55,-0.9988061,2718.809,0,38.25211,-1794.283,1794.69,-229.4145,11114.28,921.2311,0.0
0.00692803,0.5080556,182.9,10887.33,-0.9987194,2714.517,0,42.91687,-1789.759,1790.274,-229.3946,11097.11,921.2311,0.0
0.006931818,0.5083333,183.0,10887.31,-0.9986295,2714.512,0,47.64786,-1789.508,1790.142,-229.3739,11097.11,921.2311,0.0
0.006935606,0.5086111,183.1,10866.55,-0.9985367,2709.336,0,52.27066,-1784.086,1784.852,-229.3526,11076.4,921.2311,0.0
0.006939394,0.5088889,183.2,10866.53,-0.9984408,2709.331,0,56.99171,-1783.819,1784.73,-229.3306,11076.4,921.2311,0.0
0.006943182,0.5091667,183.3,10844.35,-0.9983418,2703.8,0,61.57755,-1778.028,1779.094,-229.3078,11054.26,921.2311,0.0
0.00694697,0.5094444,183.4,10844.33,-0.9982398,2703.795,0,66.28801,-1777.745,1778.981,-229.2844,11054.26,921.2311,0.0
0.006950758,0.5097222,183.5,10823.46,-0.9981348,2698.591,0,70.85276,-1772.265,1773.681,-229.2603,11033.43,921.2311,0.0
0.006954545,0.51,183.6,10823.44,-0.9980267,2698.586,0,75.55315,-1771.967,1773.577,-229.2355,11033.43,921.2311,0.0
0.006958333,0.5102778,183.7,10798.61,-0.9979156,2692.396,0,80.05831,-1765.489,1767.303,-229.21,11008.66,921.2311,0.0
0.006962121,0.5105556,183.8,10798.59,-0.9978015,2692.392,0,84.74684,-1765.175,1767.208,-229.1837,11008.66,921.2311,0.0
0.006965909,0.5108333,183.9,10775.66,-0.9976843,2686.674,0,89.23468,-1759.153,1761.415,-229.1568,10985.77,921.2311,0.0
0.006969697,0.5111111,184.0,10775.64,-0.9975641,2686.67,0,93.91215,-1758.824,1761.33,-229.1292,10985.77,921.2311,0.0
0.006973485,0.5113889,184.1,10747.76,-0.9974408,2679.718,0,98.32098,-1751.558,1754.315,-229.1009,10957.94,921.2311,0.0
0.006977273,0.5116667,184.2,10747.75,-0.9973145,2679.715,0,102.9852,-1751.214,1754.24,-229.0719,10957.94,921.2311,0.0
0.006981061,0.5119444,184.3,10722.17,-0.9971851,2673.337,0,107.3802,-1744.506,1747.808,-229.0422,10932.41,921.2311,0.0
0.006984848,0.5122222,184.4,10722.16,-0.9970528,2673.334,0,112.0321,-1744.148,1747.742,-229.0118,10932.41,921.2311,0.0
0.006988636,0.5125,184.5,10691.96,-0.9969173,2665.804,0,116.3394,-1736.277,1740.17,-228.9807,10902.25,921.2311,0.0
0.006992424,0.5127778,184.6,10691.94,-0.9967789,2665.801,0,120.9769,-1735.903,1740.114,-228.9489,10902.25,921.2311,0.0
0.006996212,0.5130556,184.7,10663.78,-0.9966374,2658.779,0,125.268,-1728.526,1733.059,-228.9164,10874.14,921.2311,0.0
0.007,0.5133333,184.8,10663.77,-0.9964929,2658.776,0,129.892,-1728.137,1733.012,-228.8832,10874.14,921.2311,0.0
0.007003788,0.5136111,184.9,10631.1,-0.9963453,2650.631,0,134.0851,-1719.627,1724.847,-228.8493,10841.51,921.2311,0.0
0.007007576,0.5138889,185.0,10631.09,-0.9961947,2650.628,0,138.6936,-1719.224,1724.809,-228.8147,10841.51,921.2311,0.0
0.007045455,0.5166667,186.0,10458.63,-0.9945219,2607.628,0,181.6325,-1672.008,1681.845,-228.4305,10669.35,921.2311,0.0
0.007083333,0.5194444,187.0,10254.12,-0.9925462,2556.64,0,222.2534,-1616.232,1631.441,-227.9766,10465.11,921.2311,0.0
0.007121212,0.5222222,188.0,10016.83,-0.9902681,2497.476,0,260.0988,-1551.802,1573.449,-227.4534,10228.11,921.2311,0.0
0.007159091,0.525,189.0,9690.351,-0.9876883,2416.076,0,292.9467,-1464.944,1493.948,-226.8609,9901.955,921.2311,0.0
0.00719697,0.5277778,190.0,9455.666,-0.9848078,2357.562,0,326.1081,-1400.344,1437.814,-226.1992,9667.422,921.2311,0.0
0.007234848,0.5305556,191.0,9124.486,-0.9816272,2274.99,0,353.1976,-1311.774,1358.491,-225.4687,9336.448,921.2311,0.0
0.007272727,0.5333333,192.0,8714.073,-0.9781476,2172.662,0,373.6962,-1203.75,1260.422,-224.6695,8926.319,921.2311,0.0
0.007310606,0.5361111,193.0,7910.018,-0.9743701,1972.189,0,370.9494,-1000.192,1066.765,-223.8018,8123.169,921.2311,0.0
0.007348485,0.5388889,194.0,6619.091,-0.9702957,1650.325,0,334.3694,-679.8373,757.6157,-222.866,6833.93,921.2311,0.0
0.007386364,0.5416667,195.0,4867.749,-0.9659258,1213.666,0,258.5364,-250.8303,360.2179,-221.8623,5085.005,921.2311,0.0
0.007424242,0.5444444,196.0,2790.374,-0.9612617,695.7183,0,145.5239,252.7287,291.6316,-220.791,3010.626,921.2311,0.0
0.007462121,0.5472222,197.0,973.182,-0.9563048,242.6415,0,31.59483,689.4715,690.195,-219.6524,1195.952,921.2311,0.0
0.0075,0.55,198.0,-208.9917,-0.9510565,-52.10749,0,-51.5168,971.0822,972.4477,-218.4469,15.03904,921.2311,-0.0
0.007537879,0.5527778,199.0,-235.7248,-0.9455186,-58.77279,0,-54.50292,977.1097,978.6286,-217.1749,-12.77344,921.2311,-0.0
0.007575758,0.5555556,200.0,-235.165,-0.9396926,-58.63322,0,-55.4331,976.6497,978.2216,-215.8368,-13.46217,921.2311,-0.0
0.007613636,0.5583333,201.0,-234.6559,-0.9335804,-58.50629,0,-56.35758,976.186,977.8115,-214.4329,-14.27508,921.2311,-0.0
0.007651515,0.5611111,202.0,-233.5098,-0.9271839,-58.22053,0,-57.2125,975.5596,977.2358,-212.9637,-14.52022,921.2311,-0.0
0.007689394,0.5638889,203.0,-231.8088,-0.9205049,-57.79642,0,-57.99791,974.7927,976.5165,-211.4296,-14.27691,921.2311,-0.0
0.007727273,0.5666667,204.0,-229.991,-0.9135455,-57.34319,0,-58.75139,973.9883,975.7586,-209.8311,-13.9803,921.2311,-0.0
0.007765152,0.5694444,205.0,-228.1145,-0.9063078,-56.87532,0,-59.47753,973.1607,974.9765,-208.1687,-13.68668,921.2311,-0.0
0.00780303,0.5722222,206.0,-226.1925,-0.898794,-56.39612,0,-60.17698,972.3136,974.174,-206.4428,-13.40785,921.2311,-0.0
0.007840909,0.575,207.0,-224.2228,-0.8910065,-55.90503,0,-60.84883,971.4474,973.3512,-204.6541,-13.14046,921.2311,-0.0
0.007878788,0.5777778,208.0,-222.2149,-0.8829476,-55.4044,0,-61.49357,970.5648,972.5109,-202.8031,-12.89324,921.2311,-0.0
0.007916667,0.5805556,209.0,-220.1621,-0.8746197,-54.89258,0,-62.10987,969.6653,971.6524,-200.8903,-12.65847,921.2311,-0.0
0.007954545,0.5833333,210.0,-217.8672,-0.8660254,-54.32039,0,-62.67257,968.7069,970.7322,-198.9163,-12.23896,921.2311,-0.0
0.007992424,0.5861111,211.0,-215.7486,-0.8571673,-53.79217,0,-63.23266,967.7815,969.845,-196.8817,-12.05186,921.2311,-0.0
0.008030303,0.5888889,212.0,-213.5541,-0.8480481,-53.24501,0,-63.75875,966.8348,968.9349,-194.7871,-11.84504,921.2311,-0.0
0.008068182,0.5916667,213.0,-211.2968,-0.8386706,-52.68221,0,-64.25179,965.8709,968.0056,-192.6332,-11.63072,921.2311,-0.0
0.008106061,0.5944444,214.0,-209.0016,-0.8290376,-52.10996,0,-64.71459,964.8958,967.0635,-190.4206,-11.43386,921.2311,-0.0
0.008143939,0.5972222,215.0,-206.6588,-0.819152,-51.52582,0,-65.14536,963.9084,966.1073,-188.15,-11.24418,921.2311,-0.0
0.008181818,0.6,216.0,-204.2678,-0.809017,-50.92967,0,-65.54358,962.9096,965.1377,-185.8221,-11.06039,921.2311,-0.0
0.008219697,0.6027778,217.0,-201.8274,-0.7986355,-50.32121,0,-65.90862,961.9,964.1554,-183.4376,-10.88105,921.2311,-0.0
0.008257576,0.6055556,218.0,-199.3329,-0.7880108,-49.69929,0,-66.23935,960.8798,963.1603,-180.9972,-10.70115,921.2311,-0.0
0.008295455,0.6083333,219.0,-196.7925,-0.777146,-49.06587,0,-66.53657,959.8515,962.1549,-178.5017,-10.52806,921.2311,-0.0
0.008333333,0.6111111,220.0,-194.1973,-0.7660444,-48.41883,0,-66.79858,958.8145,961.1385,-175.9518,-10.35237,921.2311,-0.0
0.008371212,0.6138889,221.0,-191.5549,-0.7547096,-47.75999,0,-67.02616,957.7712,960.1136,-173.3483,-10.18114,921.2311,-0.0
0.008409091,0.6166667,222.0,-188.8595,-0.7431448,-47.08796,0,-67.21811,956.7215,959.08,-170.692,-10.00827,921.2311,-0.0
0.00844697,0.6194444,223.0,-186.203,-0.7313537,-46.42563,0,-67.3897,955.6834,958.0565,-167.9837,-9.924584,921.2311,-0.0
0.008484848,0.6222222,224.0,-183.4057,-0.7193398,-45.72817,0,-67.51038,954.6249,957.0091,-165.2242,-9.750296,921.2311,-0.0
0.008522727,0.625,225.0,-180.6937,-0.7071068,-45.05199,0,-67.61894,953.5877,955.9821,-162.4144,-9.7105,921.2311,-0.0
0.008560606,0.6277778,226.0,-178.0244,-0.6946584,-44.38646,0,-67.70877,952.5642,954.9676,-159.5552,-9.761595,921.2311,-0.0
0.008598485,0.6305556,227.0,-175.29,-0.6819984,-43.70471,0,-67.76085,951.5364,953.9461,-156.6473,-9.795901,921.2311,-0.0
0.008636364,0.6333333,228.0,-172.4989,-0.6691306,-43.00879,0,-67.7764,950.5069,952.9202,-153.6917,-9.82036,921.2311,-0.0
0.008674242,0.6361111,229.0,-169.6537,-0.656059,-42.29941,0,-67.75573,949.4771,951.8916,-150.6894,-9.836714,921.2311,-0.0
0.008712121,0.6388889,230.0,-166.7525,-0.6427876,-41.57606,0,-67.69831,948.4481,950.8611,-147.6411,-9.843133,921.2311,-0.0
0.00875,0.6416667,231.0,-163.7943,-0.6293204,-40.83851,0,-67.60382,947.4207,949.8296,-144.5478,-9.837382,921.2311,-0.0
0.008787879,0.6444444,232.0,-160.4569,-0.6156615,-40.0064,0,-67.40881,946.3466,948.7444,-141.4105,-9.496968,921.2311,-0.0
0.008825758,0.6472222,233.0,-155.6578,-0.601815,-38.80984,0,-66.89511,945.0681,947.4326,-138.2301,-7.739997,921.2311,-0.0
0.008863636,0.65,234.0,-148.6758,-0.5877853,-37.06904,0,-65.90637,943.4953,945.7944,-135.0076,-3.846745,921.2311,-0.0
0.008901515,0.6527778,235.0,-138.048,-0.5735764,-34.41923,0,-64.1487,941.443,943.626,-131.744,3.644658,921.2311,-0.0
0.008939394,0.6555556,236.0,-124.3069,-0.5591929,-30.9932,0,-61.69838,939.0259,941.0506,-128.4403,14.20246,921.2311,-0.0
0.008977273,0.6583333,237.0,-111.9553,-0.544639,-27.9136,0,-59.45918,936.8907,938.7756,-125.0974,23.33284,921.2311,-0.0
0.009015152,0.6611111,238.0,-110.5638,-0.5299193,-27.56664,0,-59.43666,936.2886,938.1732,-121.7165,21.48277,921.2311,-0.0
0.00905303,0.6638889,239.0,-122.7198,-0.5150381,-30.59749,0,-62.2527,937.4314,939.4962,-118.2984,6.072784,921.2311,-0.0
0.009090909,0.6666667,240.0,-131.6953,-0.5,-32.83534,0,-64.44861,938.0818,940.2931,-114.8444,-6.196035,921.2311,-0.0
0.009128788,0.6694444,241.0,-132.2642,-0.4848096,-32.97716,0,-64.86981,937.6428,939.8841,-111.3553,-10.10828,921.2311,-0.0
0.009166667,0.6722222,242.0,-129.7741,-0.4694716,-32.3563,0,-64.61089,936.836,939.0614,-107.8323,-11.00291,921.2311,-0.0
0.009204545,0.675,243.0,-126.6445,-0.4539905,-31.57601,0,-64.1907,935.9708,938.1694,-104.2765,-11.29414,921.2311,-0.0
0.009242424,0.6777778,244.0,-123.3652,-0.4383711,-30.75839,0,-63.71567,935.1087,937.2769,-100.6889,-11.46887,921.2311,-0.0
0.009280303,0.6805556,245.0,-120.0185,-0.4226183,-29.92398,0,-63.2041,934.2605,936.396,-97.07064,-11.60815,921.2311,-0.0
0.009318182,0.6833333,246.0,-116.6142,-0.4067366,-29.07518,0,-62.65844,933.4286,935.5293,-93.42281,-11.7208,921.2311,-0.0
0.009356061,0.6861111,247.0,-113.1591,-0.3907311,-28.21373,0,-62.08058,932.6148,934.6787,-89.74653,-11.81265,921.2311,-0.0
0.009393939,0.6888889,248.0,-109.6656,-0.3746066,-27.34271,0,-61.47377,931.8212,933.8467,-86.04291,-11.89497,921.2311,-0.0
0.009431818,0.6916667,249.0,-106.1358,-0.3583679,-26.46264,0,-60.83895,931.049,933.0347,-82.31307,-11.96878,921.2311,-0.0
0.009469697,0.6944444,250.0,-102.5872,-0.3420201,-25.57785,0,-60.18072,930.3006,932.2451,-78.55817,-12.05084,921.2311,-0.0
0.009507576,0.6972222,251.0,-98.98021,-0.3255682,-24.67854,0,-59.4904,929.5735,931.4751,-74.77933,-12.12971,921.2311,-0.0
0.009545455,0.7,252.0,-95.29821,-0.309017,-23.76051,0,-58.76447,928.8674,930.7244,-70.97771,-12.19173,921.2311,-0.0
0.009583333,0.7027778,253.0,-91.58559,-0.2923717,-22.83485,0,-58.01397,928.187,929.9982,-67.15448,-12.245,921.2311,-0.0
0.009621212,0.7055556,254.0,-87.84225,-0.2756374,-21.90153,0,-57.2395,927.5329,929.2974,-63.31079,-12.29124,921.2311,-0.0
0.009659091,0.7083333,255.0,-84.07181,-0.258819,-20.96146,0,-56.4426,926.9063,928.6232,-59.44781,-12.33182,921.2311,-0.0
0.00969697,0.7111111,256.0,-80.27597,-0.2419219,-20.01505,0,-55.62436,926.3079,927.9765,-55.56673,-12.36787,921.2311,-0.0
0.009734848,0.7138889,257.0,-76.45479,-0.2249511,-19.06232,0,-54.78553,925.7384,927.3581,-51.66872,-12.39849,921.2311,-0.0
0.009772727,0.7166667,258.0,-72.60989,-0.2079117,-18.10368,0,-53.92722,925.1984,926.7687,-47.75497,-12.42356,921.2311,-0.0
0.009810606,0.7194444,259.0,-68.74269,-0.190809,-17.13948,0,-53.05055,924.6888,926.2093,-43.82667,-12.4445,921.2311,-0.0
0.009848485,0.7222222,260.0,-64.85533,-0.1736482,-16.17025,0,-52.15681,924.21,925.6806,-39.88503,-12.46059,921.2311,-0.0
0.009886364,0.725,261.0,-60.94748,-0.1564345,-15.19591,0,-51.24673,923.7628,925.1832,-35.93123,-12.47187,921.2311,-0.0
0.009924242,0.7277778,262.0,-57.02186,-0.1391731,-14.21715,0,-50.32179,923.3476,924.7178,-31.96649,-12.47843,921.2311,-0.0
0.009962121,0.7305556,263.0,-53.06654,-0.1218693,-13.23097,0,-49.37988,922.9645,924.2845,-27.99201,-12.46739,921.2311,-0.0
0.01,0.7333333,264.0,-49.10379,-0.1045285,-12.24295,0,-48.42733,922.6148,923.8849,-24.00901,-12.46077,921.2311,-0.0
0.01003788,0.7361111,265.0,-45.1202,-0.08715574,-11.24973,0,-47.4617,922.2984,923.5188,-20.01869,-12.44299,921.2311,-0.0
0.01007576,0.7388889,266.0,-41.09521,-0.06975647,-10.24619,0,-46.47874,922.0154,923.1862,-16.02227,-12.39303,921.2311,-0.0
0.01011364,0.7416667,267.0,-37.0508,-0.05233596,-9.237801,0,-45.48478,921.7668,922.8884,-12.02098,-12.332,921.2311,-0.0
0.01015152,0.7444444,268.0,-32.99437,-0.0348995,-8.226421,0,-44.48257,921.5531,922.626,-8.01602,-12.26406,921.2311,-0.0
0.01018939,0.7472222,269.0,-28.92728,-0.01745241,-7.212381,0,-43.47335,921.3744,922.3995,-4.008621,-12.19114,921.2311,-0.0
0.01022727,0.75,270.0,-24.84818,3.001437e-14,-6.195348,0,-42.45772,921.2311,922.209,6.893962e-12,-12.11027,921.2311,-0.0
0.01026515,0.7527778,271.0,-20.75936,0.01745241,-5.17589,0,-41.43717,921.1233,922.0549,4.008621,-12.02174,921.2311,-0.0
0.01030303,0.7555556,272.0,-16.44356,0.0348995,-4.099841,0,-40.3585,921.0531,921.9369,8.01602,-11.70901,921.2311,-0.0
0.01034091,0.7583333,273.0,-11.21009,0.05233596,-2.79499,0,-39.0508,921.0326,921.86,12.02098,-10.48495,921.2311,-0.0
0.01037879,0.7611111,274.0,-4.865679,0.06975647,-1.21315,0,-37.4677,921.0769,921.8386,16.02227,-8.144055,921.2311,-0.0
0.01041667,0.7638889,275.0,4.269225,0.08715574,1.064437,0,-35.19439,921.237,921.9091,20.01869,-3.017656,921.2311,0.0
0.01045455,0.7666667,276.0,18.29944,0.1045285,4.562563,0,-31.74522,921.6041,922.1506,24.00901,6.993898,921.2311,0.0
0.01049242,0.7694444,277.0,32.30806,0.1218693,8.055305,0,-28.31529,922.0918,922.5265,27.99201,16.99543,921.2311,0.0
0.0105303,0.7722222,278.0,36.45367,0.1391731,9.088922,0,-27.30605,922.3582,922.7623,31.96649,17.14735,921.2311,0.0
0.01056818,0.775,279.0,25.04334,0.1564345,6.244006,0,-30.08563,922.0534,922.5441,35.93123,1.787907,921.2311,0.0
0.01060606,0.7777778,280.0,18.83476,0.1736482,4.696033,0,-31.60753,921.8755,922.4172,39.88503,-8.375161,921.2311,0.0
0.01064394,0.7805556,281.0,19.90238,0.190809,4.96222,0,-31.35492,921.9906,922.5236,43.82667,-11.25876,921.2311,0.0
0.01068182,0.7833333,282.0,23.20474,0.2079117,5.785591,0,-30.55999,922.2306,922.7368,47.75497,-11.90915,921.2311,0.0
0.0107197,0.7861111,283.0,26.98783,0.2249511,6.728823,0,-29.65541,922.5256,923.0021,51.66872,-12.06092,921.2311,0.0
0.01075758,0.7888889,284.0,30.85713,0.2419219,7.693547,0,-28.73883,922.8576,923.305,55.56673,-12.12282,921.2311,0.0
0.01079545,0.7916667,285.0,34.73123,0.258819,8.659469,0,-27.83098,923.2223,923.6417,59.44781,-12.16111,921.2311,0.0
0.01083333,0.7944444,286.0,38.61,0.2756374,9.626553,0,-26.93276,923.6196,924.0122,63.31079,-12.17918,921.2311,0.0
0.01087121,0.7972222,287.0,42.49035,0.2923717,10.59403,0,-26.04577,924.0489,924.4159,67.15448,-12.17851,921.2311,0.0
0.01090909,0.8,288.0,46.36115,0.309017,11.55913,0,-25.17349,924.5092,924.8518,70.97771,-12.16953,921.2311,0.0
0.01094697,0.8027778,289.0,50.21876,0.3255682,12.52094,0,-24.3176,924.9997,925.3193,74.77933,-12.15417,921.2311,0.0
0.01098485,0.8055556,290.0,54.04615,0.3420201,13.47522,0,-23.48283,925.5185,925.8164,78.55817,-12.14897,921.2311,0.0
0.01102273,0.8083333,291.0,57.85421,0.3583679,14.42468,0,-22.66735,926.0659,926.3432,82.31307,-12.14075,921.2311,0.0
0.01106061,0.8111111,292.0,61.65231,0.3746066,15.37165,0,-21.8697,926.6421,926.9001,86.04291,-12.11884,921.2311,0.0
0.01109848,0.8138889,293.0,65.43734,0.3907311,16.31536,0,-21.09134,927.2463,927.4862,89.74653,-12.0857,921.2311,0.0
0.01113636,0.8166667,294.0,69.20045,0.4067366,17.25361,0,-20.33498,927.8772,928.1,93.42281,-12.04808,921.2311,0.0
0.01117424,0.8194444,295.0,72.94244,0.4226183,18.18659,0,-19.60112,928.5341,928.7409,97.07064,-12.00393,921.2311,0.0
0.01121212,0.8222222,296.0,76.65963,0.4383711,19.11339,0,-18.8912,929.2159,929.4079,100.6889,-11.95408,921.2311,0.0
0.01125,0.825,297.0,80.35374,0.4539905,20.03444,0,-18.20545,929.922,930.1002,104.2765,-11.89828,921.2311,0.0
0.01128788,0.8277778,298.0,84.01788,0.4694716,20.94801,0,-17.54598,930.6511,930.8165,107.8323,-11.83664,921.2311,0.0
0.01132576,0.8305556,299.0,87.65158,0.4848096,21.85399,0,-16.9134,931.4021,931.5557,111.3553,-11.76913,921.2311,0.0
0.01136364,0.8333333,300.0,91.247,0.5,22.75043,0,-16.30992,932.1733,932.316,114.8444,-11.69344,921.2311,0.0
0.01140152,0.8361111,301.0,94.78992,0.5150381,23.63378,0,-15.73901,932.9619,933.0947,118.2984,-11.61265,921.2311,0.0
0.01143939,0.8388889,302.0,98.18179,0.5299193,24.47947,0,-15.22179,933.7538,933.8779,121.7165,-11.5249,921.2311,0.0
0.01147727,0.8416667,303.0,101.5003,0.544639,25.30686,0,-14.74163,934.5574,934.6737,125.0974,-11.41333,921.2311,0.0
0.01151515,0.8444444,304.0,104.9692,0.5591929,26.17175,0,-14.25231,935.4026,935.5111,128.4403,-11.30489,921.2311,0.0
0.01155303,0.8472222,305.0,108.3684,0.5735764,27.01927,0,-13.8005,936.2589,936.3606,131.744,-11.1826,921.2311,0.0
0.01159091,0.85,306.0,111.6487,0.5877853,27.83715,0,-13.39615,937.1178,937.2136,135.0076,-11.00996,921.2311,0.0
0.01162879,0.8527778,307.0,115.0733,0.601815,28.69101,0,-12.98654,938.0171,938.107,138.2301,-10.82034,921.2311,0.0
0.01166667,0.8555556,308.0,118.4348,0.6156615,29.52911,0,-12.61408,938.9259,939.0106,141.4105,-10.61413,921.2311,0.0
0.01170455,0.8583333,309.0,121.7256,0.6293204,30.34959,0,-12.28027,939.8416,939.9219,144.5478,-10.39022,921.2311,0.0
0.01174242,0.8611111,310.0,124.9213,0.6427876,31.14639,0,-11.98968,940.7592,940.8356,147.6411,-10.15075,921.2311,0.0
0.0117803,0.8638889,311.0,128.2543,0.656059,31.9774,0,-11.69832,941.715,941.7877,150.6894,-9.886037,921.2311,0.0
0.01181818,0.8666667,312.0,131.8465,0.6691306,32.87303,0,-11.38522,942.7302,942.7989,153.6917,-9.26406,921.2311,0.0
0.01185606,0.8694444,313.0,137.1396,0.6819984,34.19275,0,-10.79026,944.0517,944.1134,156.6473,-6.935163,921.2311,0.0
0.01189394,0.8722222,314.0,144.674,0.6946584,36.07127,0,-9.834554,945.7886,945.8397,159.5552,-2.200099,921.2311,0.0
0.01193182,0.875,315.0,155.3728,0.7071068,38.73879,0,-8.396697,948.1236,948.1607,162.4144,5.55631,921.2311,0.0
0.0119697,0.8777778,316.0,169.0124,0.7193398,42.13953,0,-6.533425,951.044,951.0665,165.2242,16.38019,921.2311,0.0
0.01200758,0.8805556,317.0,180.6707,0.7313537,45.04627,0,-5.095334,953.6771,953.6907,167.9837,25.28487,921.2311,0.0
0.01204545,0.8833333,318.0,181.8185,0.7431448,45.33244,0,-5.46149,954.4224,954.438,170.692,23.82956,921.2311,0.0
0.01208333,0.8861111,319.0,168.7869,0.7547096,42.08331,0,-8.119015,952.4966,952.5312,173.3483,8.26475,921.2311,0.0
0.01212121,0.8888889,320.0,159.8228,0.7660444,39.84829,0,-10.06156,951.2643,951.3175,175.9518,-3.427931,921.2311,0.0
0.01215909,0.8916667,321.0,158.3979,0.777146,39.49303,0,-10.80465,951.4339,951.4952,178.5017,-7.445217,921.2311,0.0
0.01219697,0.8944444,322.0,160.2363,0.7880108,39.9514,0,-11.04488,952.2281,952.2921,180.9972,-8.107745,921.2311,0.0
0.01223485,0.8972222,323.0,162.5964,0.7986355,40.53985,0,-11.22707,953.127,953.1931,183.4376,-8.155151,921.2311,0.0
0.01227273,0.9,324.0,164.8943,0.809017,41.11277,0,-11.44239,954.0165,954.0851,185.8221,-8.103591,921.2311,0.0
0.01231061,0.9027778,325.0,167.3736,0.819152,41.73094,0,-11.65548,954.9452,955.0164,188.15,-8.027369,921.2311,0.0
0.01234848,0.9055556,326.0,169.6342,0.8290376,42.29455,0,-11.92426,955.8313,955.9057,190.4206,-8.133365,921.2311,0.0
0.01238636,0.9083333,327.0,171.8404,0.8386706,42.84462,0,-12.22416,956.7068,956.7849,192.6332,-8.277996,921.2311,0.0
0.01242424,0.9111111,328.0,174.0428,0.8480481,43.39374,0,-12.54801,957.5817,957.6639,194.7871,-8.410164,921.2311,0.0
0.01246212,0.9138889,329.0,176.1558,0.8571673,43.92058,0,-12.90687,958.4369,958.5238,196.8817,-8.538469,921.2311,0.0
0.0125,0.9166667,330.0,178.3528,0.8660254,44.46835,0,-13.2782,959.3088,959.4007,198.9163,-8.6901,921.2311,0.0
0.01253788,0.9194444,331.0,180.2977,0.8746197,44.95328,0,-13.70363,960.1241,960.2219,200.8903,-8.840366,921.2311,0.0
0.01257576,0.9222222,332.0,182.2738,0.8829476,45.44596,0,-14.14719,960.943,961.0471,202.8031,-8.974393,921.2311,0.0
0.01261364,0.925,333.0,184.1857,0.8910065,45.92265,0,-14.62004,961.744,961.8551,204.6541,-9.094042,921.2311,0.0
0.01265152,0.9277778,334.0,185.9835,0.898794,46.3709,0,-15.12688,962.515,962.6338,206.4428,-9.215318,921.2311,0.0
0.01268939,0.9305556,335.0,187.847,0.9063078,46.83552,0,-15.64744,963.2955,963.4225,208.1687,-9.336187,921.2311,0.0
0.01272727,0.9333333,336.0,189.7846,0.9135455,47.31863,0,-16.18159,964.0872,964.223,209.8311,-9.45813,921.2311,0.0
0.01276515,0.9361111,337.0,191.5783,0.9205049,47.76584,0,-16.75145,964.8401,964.9855,211.4296,-9.590096,921.2311,0.0
0.01280303,0.9388889,338.0,193.2676,0.9271839,48.18704,0,-17.35152,965.562,965.7179,212.9637,-9.71599,921.2311,0.0
0.01284091,0.9416667,339.0,194.992,0.9335804,48.61697,0,-17.96804,966.2844,966.4514,214.4329,-9.847926,921.2311,0.0
0.01287879,0.9444444,340.0,196.5936,0.9396926,49.01629,0,-18.61479,966.97,967.1491,215.8368,-9.989826,921.2311,0.0
0.01291667,0.9472222,341.0,198.061,0.9455186,49.38215,0,-19.29112,967.615,967.8073,217.1749,-10.13637,921.2311,0.0
0.01295455,0.95,342.0,199.4805,0.9510565,49.73608,0,-19.98857,968.239,968.4453,218.4469,-10.29164,921.2311,0.0
0.01299242,0.9527778,343.0,200.93,0.9563048,50.09747,0,-20.70077,968.8599,969.0811,219.6524,-10.44117,921.2311,0.0
0.0130303,0.9555556,344.0,202.5658,0.9612617,50.50533,0,-21.41719,969.515,969.7515,220.791,-10.61381,921.2311,0.0
0.01306818,0.9583333,345.0,204.0143,0.9659258,50.86649,0,-22.16415,970.1143,970.3675,221.8623,-10.79329,921.2311,0.0
0.01310606,0.9611111,346.0,205.2659,0.9702957,51.17854,0,-22.93969,970.6547,970.9257,222.866,-10.95108,921.2311,0.0
0.01314394,0.9638889,347.0,206.4317,0.9743701,51.46921,0,-23.73493,971.162,971.452,223.8018,-11.12116,921.2311,0.0
0.01318182,0.9666667,348.0,207.4386,0.9781476,51.72025,0,-24.55236,971.6178,971.9279,224.6695,-11.32203,921.2311,0.0
0.0132197,0.9694444,349.0,208.2063,0.9816272,51.91166,0,-25.39357,972.0017,972.3333,225.4687,-11.55078,921.2311,0.0
0.01325758,0.9722222,350.0,208.8023,0.9848078,52.06026,0,-26.25236,972.3294,972.6838,226.1992,-11.84364,921.2311,0.0
0.01329545,0.975,351.0,209.4654,0.9876883,52.2256,0,-27.11696,972.6592,973.0371,226.8609,-12.22946,921.2311,0.0
0.01333333,0.9777778,352.0,210.2544,0.9902681,52.42232,0,-27.98597,973.0054,973.4078,227.4534,-12.30281,921.2311,0.0
0.01337121,0.9805556,353.0,212.0458,0.9925462,52.86895,0,-28.83412,973.585,974.0119,227.9766,-11.91249,921.2311,0.0
0.01340909,0.9833333,354.0,213.5222,0.9945219,53.23706,0,-29.70851,974.0726,974.5255,228.4305,-11.34512,921.2311,0.0
0.01344697,0.9861111,355.0,214.8418,0.9961947,53.56607,0,-30.60138,974.5065,974.9869,228.8147,-10.88413,921.2311,0.0
0.01348485,0.9888889,356.0,215.5066,0.9975641,53.73184,0,-31.5191,974.7625,975.2719,229.1292,-11.01923,921.2311,0.0
0.01352273,0.9916667,357.0,214.863,0.9986295,53.57136,0,-32.46141,974.6768,975.2172,229.3739,-12.34922,921.2311,0.0
0.01356061,0.9944444,358.0,212.5552,0.9993908,52.99596,0,-33.41406,974.1599,974.7328,229.5488,-15.22266,921.2311,0.0
0.01359848,0.9972222,359.0,208.8738,0.9998477,52.07809,0,-34.35379,973.2838,973.8899,229.6537,-19.1528,921.2311,0.0
