degree,velocity,acceleration
0.0,789.3212890625,-519030.96875
1.000555864369094,745.9533081054688,-521198.3125
2.001111728738188,702.4111328125,-523201.375
3.0016675931072823,658.708984375,-525040.5
4.002223457476376,614.8605346679688,-526715.8125
5.00277932184547,570.8788452148438,-528227.75
6.0033351862145645,526.778076171875,-529576.4375
7.003891050583658,482.571533203125,-530762.4375
8.004446914952752,438.27288818359375,-531786.125
9.005002779321845,393.895751953125,-532647.9375
10.00555864369094,349.4534606933594,-533348.5625
11.006114508060033,304.9594421386719,-533888.4375
12.006670372429129,260.4270324707031,-534268.1875
13.007226236798221,215.8697052001953,-534488.4375
14.007782101167315,171.3004913330078,-534550.125
15.00833796553641,126.73280334472656,-534453.8125
16.008893829905503,82.17974853515625,-534200.375
17.009449694274597,37.65432357788086,-533790.4375
18.01000555864369,-6.830465316772461,-533225.1875
19.010561423012785,-51.261661529541016,-532505.375
20.01111728738188,-95.62643432617188,-531631.8125
21.011673151750976,-139.91195678710938,-530605.625
22.012229016120067,-184.1057586669922,-529427.8125
23.01278488048916,-228.19480895996094,-528099.3125
24.013340744858258,-272.1669921875,-526621.3125
25.01389660922735,-316.00970458984375,-524994.875
26.014452473596442,-359.7107238769531,-523221.125
27.015008337965536,-403.2576599121094,-521301.15625
28.01556420233463,-446.6383972167969,-519236.25
29.016120066703728,-489.841064453125,-517027.59375
30.01667593107282,-532.853759765625,-514676.3125
31.017231795441916,-575.6643676757812,-512183.90625
32.017787659811006,-618.26123046875,-509551.40625
33.018343524180096,-660.6328735351562,-506780.0625
34.018899388549194,-702.7676391601562,-503871.59375
35.019455252918284,-744.6544189453125,-500827.0
36.02001111728738,-786.281494140625,-497647.78125
37.02056698165648,-827.6382446289062,-494335.4375
38.02112284602557,-868.7128295898438,-490891.03125
39.02167871039467,-909.4951171875,-487316.34375
40.02223457476376,-949.9737548828125,-483612.5
41.02279043913285,-990.1383056640625,-479781.3125
42.02334630350195,-1029.9783935546875,-475823.90625
43.02390216787104,-1069.4830322265625,-471742.0625
44.02445803224013,-1108.6422119140625,-467537.03125
45.02501389660923,-1147.44580078125,-463210.46875
46.02556976097832,-1185.8836669921875,-458763.84375
47.02612562534741,-1223.94580078125,-454198.65625
48.026681489716516,-1261.6219482421875,-449516.59375
49.02723735408561,-1298.903564453125,-444719.09375
50.0277932184547,-1335.7801513671875,-439807.78125
51.028349082823794,-1372.24267578125,-434784.125
52.028904947192885,-1408.28125,-429649.90625
53.029460811561975,-1443.887451171875,-424406.34375
54.03001667593107,-1479.0518798828125,-419055.59375
55.03057254030017,-1513.765869140625,-413599.0
56.03112840466926,-1548.0206298828125,-408037.96875
57.03168426903836,-1581.80712890625,-402374.375
58.032240133407456,-1615.117431640625,-396609.90625
59.032795997776546,-1647.9429931640625,-390745.9375
60.03335186214564,-1680.2752685546875,-384784.34375
61.03390772651473,-1712.106689453125,-378726.78125
62.03446359088383,-1743.428955078125,-372574.75
63.035019455252915,-1774.234375,-366330.03125
64.03557531962201,-1804.5155029296875,-359994.21875
65.03613118399112,-1834.26416015625,-353568.96875
66.03668704836019,-1863.4737548828125,-347056.09375
67.0372429127293,-1892.136962890625,-340457.125
68.03779877709839,-1920.2459716796875,-333773.875
69.03835464146748,-1947.7945556640625,-327007.875
70.03891050583657,-1974.775146484375,-320161.0
71.03946637020567,-2001.1822509765625,-313234.875
72.04002223457476,-2027.0076904296875,-306231.0625
73.04057809894385,-2052.24658203125,-299151.5
74.04113396331296,-2076.89208984375,-291997.75
75.04168982768205,-2100.938232421875,-284771.59375
76.04224569205114,-2124.37841796875,-277474.75
77.04280155642024,-2147.207763671875,-270108.9375
78.04335742078933,-2169.419921875,-262675.75
79.04391328515842,-2191.00927734375,-255177.046875
80.04446914952752,-2211.9716796875,-247614.640625
81.04502501389662,-2232.2998046875,-239990.09375
82.0455808782657,-2251.989990234375,-232305.21875
83.0461367426348,-2271.037353515625,-224561.75
84.0466926070039,-2289.4365234375,-216761.5
85.04724847137298,-2307.182373046875,-208906.125
86.04780433574209,-2324.27197265625,-200997.515625
87.04836020011118,-2340.699951171875,-193037.28125
88.04891606448027,-2356.46142578125,-185027.328125
89.04947192884936,-2371.55322265625,-176969.34375
90.05002779321846,-2385.97119140625,-168865.203125
91.05058365758755,-2399.7119140625,-160716.5625
92.05113952195664,-2412.770751953125,-152525.21875
93.05169538632575,-2425.1455078125,-144293.125
94.05225125069482,-2436.832275390625,-136021.96875
95.05280711506393,-2447.827392578125,-127713.5625
96.05336297943303,-2458.128173828125,-119369.75
97.05391884380211,-2467.732421875,-110992.3125
98.05447470817121,-2476.636962890625,-102583.15625
99.0550305725403,-2484.83837890625,-94144.03125
100.0555864369094,-2492.33544921875,-85676.84375
101.05614230127848,-2499.125,-77183.4296875
102.05669816564759,-2505.2060546875,-68665.578125
103.05725403001668,-2510.574951171875,-60125.2734375
104.05780989438577,-2515.231689453125,-51564.32421875
105.05836575875487,-2519.17333984375,-42984.64453125
106.05892162312395,-2522.3994140625,-34388.05078125
107.05947748749306,-2524.90771484375,-25776.572265625
108.06003335186215,-2526.697021484375,-17152.025390625
109.06058921623124,-2527.767578125,-8516.357421875
110.06114508060034,-2528.1171875,128.5229034423828
111.06170094496943,-2527.7451171875,8780.7119140625
112.06225680933852,-2526.652099609375,17438.125
113.06281267370761,-2524.837646484375,26098.916015625
114.06336853807672,-2522.300537109375,34761.08203125
115.0639244024458,-2519.040771484375,43422.64453125
116.06448026681491,-2515.05908203125,52081.6484375
117.065036131184,-2510.356201171875,60736.11328125
118.06559199555309,-2504.930908203125,69384.078125
119.06614785992217,-2498.7861328125,78023.296875
120.06670372429129,-2491.92041015625,86651.90625
121.06725958866038,-2484.336181640625,95267.8125
122.06781545302945,-2476.033935546875,103869.0234375
123.06837131739857,-2467.015380859375,112453.4375
124.06892718176766,-2457.281982421875,121018.9609375
125.06948304613674,-2446.835205078125,129563.5859375
126.07003891050583,-2435.676513671875,138085.125
127.07059477487495,-2423.808837890625,146581.671875
128.07115063924402,-2411.2333984375,155050.828125
129.07170650361311,-2397.95361328125,163490.5625
130.07226236798223,-2383.970703125,171898.828125
131.07281823235132,-2369.28857421875,180273.390625
132.07337409672039,-2353.909423828125,188612.109375
133.07392996108948,-2337.836669921875,196912.84375
134.0744858254586,-2321.07373046875,205173.359375
135.07504168982769,-2303.623779296875,213391.609375
136.07559755419678,-2285.490234375,221565.1875
137.0761534185659,-2266.67626953125,229692.125
138.07670928293496,-2247.187744140625,237770.015625
139.07726514730405,-2227.027587890625,245796.65625
140.07782101167314,-2206.2001953125,253769.859375
141.07837687604226,-2184.710693359375,261687.328125
142.07893274041135,-2162.563720703125,269547.03125
143.07948860478044,-2139.762939453125,277346.3125
144.08004446914953,-2116.315185546875,285083.3125
145.08060033351862,-2092.224609375,292755.53125
146.0811561978877,-2067.497314453125,300360.84375
147.0817120622568,-2042.1385498046875,307896.8125
148.08226792662592,-2016.154296875,315361.21875
149.082823790995,-1989.5511474609375,322751.78125
150.0833796553641,-1962.3345947265625,330066.1875
151.0839355197332,-1934.5115966796875,337302.09375
152.08449138410228,-1906.0888671875,344457.4375
153.08504724847137,-1877.0726318359375,351529.625
154.0856031128405,-1847.4703369140625,358516.5
155.08615897720958,-1817.2890625,365415.78125
156.08671484157867,-1786.5360107421875,372225.15625
157.08727070594773,-1755.2196044921875,378942.1875
158.08782657031685,-1723.3468017578125,385564.8125
159.08838243468594,-1690.9256591796875,392090.53125
160.08893829905503,-1657.96484375,398517.21875
161.08949416342415,-1624.47216796875,404842.4375
162.09005002779324,-1590.4564208984375,411064.15625
163.0906058921623,-1555.926513671875,417179.875
164.0911617565314,-1520.89111328125,423187.3125
165.0917176209005,-1485.3587646484375,429084.3125
166.0922734852696,-1449.3399658203125,434868.71875
167.0928293496387,-1412.8436279296875,440538.21875
168.0933852140078,-1375.8792724609375,446090.53125
169.09394107837687,-1338.4573974609375,451523.5
170.09449694274596,-1300.5872802734375,456835.0
171.09505280711505,-1262.2794189453125,462022.75
172.09560867148417,-1223.544189453125,467084.6875
173.09616453585326,-1184.392333984375,472018.5
174.09672040022235,-1144.8338623046875,476822.40625
175.09727626459144,-1104.8809814453125,481493.90625
176.09783212896053,-1064.5443115234375,486031.3125
177.09838799332962,-1023.8345947265625,490432.21875
178.0989438576987,-982.7639770507812,494694.8125
179.09949972206783,-941.3436889648438,498817.0625
180.10005558643692,-899.585693359375,502796.96875
181.100611450806,-857.5018920898438,506632.59375
182.1011673151751,-815.104248046875,510322.21875
183.1017231795442,-772.4051513671875,513863.5
184.10227904391328,-729.4164428710938,517255.09375
185.10283490828238,-686.1517944335938,520494.84375
186.1033907726515,-642.6234130859375,523581.09375
187.10394663702056,-598.8441162109375,526512.125
188.10450250138965,-554.8270874023438,529286.25
189.10505836575877,-510.585205078125,531901.75
190.10561423012786,-466.13201904296875,534357.125
191.10617009449695,-421.4808654785156,536650.6875
192.10672595886606,-376.6451721191406,538780.9375
193.10728182323513,-331.6382141113281,540746.5625
194.10783768760422,-286.4748229980469,542545.875
195.1083935519733,-241.16842651367188,544177.625
196.10894941634243,-195.73301696777344,545640.5
197.10950528071152,-150.18260192871094,546933.125
198.1100611450806,-104.53168487548828,548054.375
199.1106170094497,-58.7944221496582,549003.125
200.1111728738188,-12.985295295715332,549778.125
201.11172873818788,32.88120651245117,550378.4375
202.11228460255697,78.79045104980469,550803.0625
203.1128404669261,124.72827911376953,551050.9375
204.11339633129518,170.67884826660156,551121.3125
205.11395219566427,216.6278076171875,551013.5625
206.11450806003336,262.5604248046875,550726.625
207.11506392440245,308.4614562988281,550260.0625
208.11561978877154,354.3162536621094,549612.9375
209.11617565314063,400.10931396484375,548785.125
210.11673151750975,445.8260498046875,547775.875
211.11728738187884,491.4509582519531,546585.0
212.1178432462479,536.9697265625,545212.125
213.11839911061702,582.36572265625,543657.0
214.1189549749861,627.6243286132812,541919.1875
215.1195108393552,672.7304077148438,539999.125
216.1200667037243,717.6688842773438,537896.3125
217.1206225680934,762.4244384765625,535611.0
218.12117843246247,806.98193359375,533143.3125
219.12173429683156,851.3258056640625,530493.375
220.12229016120068,895.4413452148438,527661.5625
221.12284602556977,939.3137817382812,524648.3125
222.12340188993886,982.9267578125,521453.9375
223.12395775430795,1026.26611328125,518079.15625
224.12451361867704,1069.3162841796875,514524.375
225.12506948304613,1112.0626220703125,510790.375
226.12562534741522,1154.489990234375,506878.0
227.12618121178434,1196.5841064453125,502788.0
228.12673707615343,1238.329833984375,498521.3125
229.12729294052252,1279.7122802734375,494079.1875
230.1278488048916,1320.71728515625,489462.53125
231.12840466926068,1361.330322265625,484672.59375
232.12896053362982,1401.5360107421875,479710.625
233.1295163979989,1441.321533203125,474577.9375
234.130072262368,1480.67138671875,469276.34375
235.1306281267371,1519.572998046875,463806.875
236.13118399110618,1558.01171875,458171.4375
237.13173985547525,1595.97265625,452371.6875
238.13229571984434,1633.4444580078125,446409.34375
239.13285158421348,1670.4111328125,440286.46875
240.13340744858257,1706.8614501953125,434004.625
241.13396331295166,1742.781005859375,427566.25
242.13451917732075,1778.1575927734375,420973.125
243.13507504168982,1812.977783203125,414227.8125
244.1356309060589,1847.2298583984375,407332.03125
245.136186770428,1880.9007568359375,400288.4375
246.13674263479714,1913.9776611328125,393099.65625
247.13729849916623,1946.4500732421875,385767.78125
248.13785436353533,1978.30419921875,378295.8125
249.1384102279044,2009.5303955078125,370685.8125
250.13896609227348,2040.1153564453125,362941.0625
251.13952195664257,2070.050537109375,355064.0
252.14007782101166,2099.322021484375,347057.65625
253.1406336853808,2127.921875,338924.6875
254.1411895497499,2155.83837890625,330668.21875
255.14174541411896,2183.06005859375,322291.65625
256.14230127848805,2209.580078125,313797.5
257.14285714285717,2235.3857421875,305189.53125
258.14341300722623,2260.469970703125,296470.375
259.1439688715953,2284.822021484375,287643.96875
260.14452473596447,2308.434326171875,278712.96875
261.14508060033353,2331.29736328125,269681.46875
262.14563646470265,2353.4033203125,260552.25
263.1461923290717,2374.74365234375,251329.5
264.14674819344077,2395.312744140625,242016.140625
265.1473040578099,2415.100341796875,232616.03125
266.14785992217895,2434.100830078125,223133.140625
267.1484157865481,2452.3076171875,213570.5625
268.1489716509172,2469.713623046875,203932.5625
269.1495275152863,2486.31396484375,194222.421875
270.15008337965537,2502.099853515625,184444.390625
271.15063924402443,2517.0693359375,174601.90625
272.15119510839355,2531.21484375,164699.1875
273.1517509727626,2544.53271484375,154739.65625
274.1523068371318,2557.018310546875,144727.53125
275.15286270150085,2568.665771484375,134666.96875
276.1534185658699,2579.473388671875,124561.4609375
277.15397443023903,2589.4365234375,114415.40625
278.1545302946081,2598.552490234375,104232.328125
279.1550861589772,2606.8173828125,94016.7734375
280.1556420233463,2614.229736328125,83772.203125
281.15619788771545,2620.7861328125,73503.171875
282.1567537520845,2626.48681640625,63213.16796875
283.1573096164536,2631.328125,52906.5234375
284.1578654808227,2635.308837890625,42587.51953125
285.15842134519175,2638.428955078125,32259.6484375
286.1589772095609,2640.68798828125,21927.48046875
287.15953307392994,2642.085693359375,11594.4892578125
288.16008893829905,2642.621826171875,1265.25439453125
289.1606448026682,2642.296875,-9056.7763671875
290.16120066703724,2641.112060546875,-19367.0703125
291.16175653140635,2639.06787109375,-29662.22265625
292.1623123957754,2636.166015625,-39937.9609375
293.16286826014453,2632.40869140625,-50190.12890625
294.1634241245136,2627.797119140625,-60415.28125
295.1639799888827,2622.334228515625,-70609.1171875
296.16453585325183,2616.0234375,-80768.1875
297.1650917176209,2608.8671875,-90888.1796875
298.16564758199,2600.867919921875,-100965.8671875
299.1662034463591,2592.03125,-110996.875
300.1667593107282,2582.35986328125,-120978.0234375
301.1673151750973,2571.858154296875,-130905.4296875
302.1678710394664,2560.531494140625,-140775.09375
303.1684269038355,2548.384033203125,-150583.984375
304.16898276820456,2535.422119140625,-160327.953125
305.1695386325737,2521.650146484375,-170004.046875
306.17009449694274,2507.07421875,-179608.25
307.1706503613118,2491.70068359375,-189137.65625
308.171206225681,2475.5361328125,-198588.5
309.17176209005004,2458.586669921875,-207957.6875
310.17231795441916,2440.85986328125,-217241.671875
311.1728738187882,2422.3623046875,-226437.6875
312.17342968315734,2403.10107421875,-235542.265625
313.1739855475264,2383.08544921875,-244552.140625
314.17454141189546,2362.32275390625,-253464.6875
315.17509727626464,2340.8212890625,-262276.53125
316.1756531406337,2318.588623046875,-270985.15625
317.1762090050028,2295.634765625,-279587.125
318.1767648693719,2271.968017578125,-288080.34375
319.17732073374094,2247.59814453125,-296461.46875
320.17787659811006,2222.53369140625,-304728.40625
321.1784324624791,2196.78466796875,-312878.1875
322.1789883268483,2170.361572265625,-320908.0625
323.17954419121736,2143.2734375,-328816.15625
324.1801000555865,2115.53173828125,-336599.53125
325.18065591995554,2087.14599609375,-344256.3125
326.1812117843246,2058.127197265625,-351783.75
327.1817676486937,2028.4866943359375,-359180.21875
328.1823235130628,1998.23486328125,-366443.0625
329.18287937743196,1967.38232421875,-373570.6875
330.183435241801,1935.9417724609375,-380561.0
331.1839911061701,1903.92431640625,-387411.6875
332.1845469705392,1871.3411865234375,-394121.5625
333.18510283490826,1838.2052001953125,-400688.34375
334.1856586992774,1804.5264892578125,-407110.65625
335.18621456364644,1770.3197021484375,-413386.53125
336.1867704280156,1735.594970703125,-419514.96875
337.1873262923847,1700.365966796875,-425493.96875
338.18788215675374,1664.6436767578125,-431322.59375
339.18843802112286,1628.4422607421875,-436999.125
340.1889938854919,1591.7745361328125,-442522.4375
341.18954974986104,1554.65185546875,-447891.28125
342.1901056142301,1517.0889892578125,-453104.5625
343.1906614785992,1479.096923828125,-458161.4375
344.19121734296834,1440.69091796875,-463060.5625
345.1917732073374,1401.8818359375,-467801.4375
346.1923290717065,1362.68505859375,-472382.78125
347.1928849360756,1323.112060546875,-476804.125
348.1934408004447,1283.1773681640625,-481064.78125
349.19399666481377,1242.8946533203125,-485163.75
350.1945525291829,1202.2760009765625,-489100.8125
351.195108393552,1161.3372802734375,-492875.34375
352.19566425792107,1120.0889892578125,-496486.84375
353.1962201222902,1078.548095703125,-499934.96875
354.19677598665925,1036.72509765625,-503219.4375
355.19733185102837,994.63623046875,-506339.8125
356.1978877153974,952.2929077148438,-509296.0625
357.19844357976655,909.7109375,-512088.03125
358.19899944413567,866.902099609375,-514715.625
359.1995553085047,823.8809204101562,-517178.875
0.2001111728738465,780.6625366210938,-519477.59375
1.2006670372429085,737.2579956054688,-521612.0625
2.2012229016120273,693.6834106445312,-523582.28125
3.2017787659810892,649.950439453125,-525388.75
4.202334630350208,606.0746459960938,-527031.375
5.202890494719327,562.067626953125,-528510.5
6.203446359088389,517.9453125,-529826.625
7.204002223457508,473.7189025878906,-530980.1875
8.20455808782657,429.4029235839844,-531971.5
9.205113952195632,385.01226806640625,-532800.9375
10.20566981656475,340.5578918457031,-533469.375
11.20622568093387,296.055908203125,-533977.125
12.206781545302988,251.516845703125,-534325.0
13.20733740967205,206.9567108154297,-534513.4375
14.207893274041112,162.38629150390625,-534543.5625
15.20844913841023,117.82121276855469,-534415.75
16.209005002779293,73.27207946777344,-534130.875
17.20956086714841,28.753084182739258,-533689.8125
18.21011673151753,-15.721268653869629,-533093.625
19.21067259588665,-60.140830993652344,-532342.875
20.21122846025571,-104.49007415771484,-531438.75
21.211784324624773,-148.75881958007812,-530382.1875
22.212340188993892,-192.93182373046875,-529174.125
23.212896053362954,-236.99916076660156,-527815.6875
24.21345191773213,-280.9458312988281,-526308.0
25.21400778210119,-324.7616882324219,-524651.875
26.214563646470253,-368.433349609375,-522848.78125
27.215119510839372,-411.9473876953125,-520899.78125
28.215675375208434,-455.294189453125,-518806.0625
29.216231239577553,-498.458984375,-516568.6875
30.216787103946615,-541.4326171875,-514189.125
31.21734296831579,-584.2007446289062,-511668.53125
32.21789883268485,-626.7542114257812,-509008.125
33.218454697053915,-669.0786743164062,-506209.34375
34.21901056142303,-711.165283203125,-503273.5625
35.219566425792095,-753.0015869140625,-500201.90625
36.220122290161214,-794.5747680664062,-496996.0
37.220678154530276,-835.8763427734375,-493656.96875
38.221234018899395,-876.8929443359375,-490186.5625
39.221789883268514,-917.61572265625,-486585.8125
40.222345747637576,-958.0320434570312,-482856.5
41.222901612006694,-998.1329345703125,-478999.84375
42.223457476375756,-1037.9058837890625,-475017.53125
43.224013340744875,-1077.343017578125,-470910.84375
44.22456920511394,-1116.4310302734375,-466681.40625
45.225125069483056,-1155.1630859375,-462330.71875
46.225680933852175,-1193.52685546875,-457860.15625
47.22623679822124,-1231.5118408203125,-453271.59375
48.226792662590356,-1269.1107177734375,-448566.25
49.22734852695942,-1306.3111572265625,-443745.9375
50.227904391328536,-1343.106201171875,-438811.90625
51.2284602556976,-1379.4840087890625,-433766.125
52.22901612006672,-1415.4376220703125,-428609.84375
53.229571984435836,-1450.95556640625,-423344.90625
54.2301278488049,-1486.031005859375,-417972.71875
55.23068371317402,-1520.654296875,-412494.96875
56.23123957754308,-1554.8155517578125,-406913.40625
57.2317954419122,-1588.5078125,-401229.46875
58.23235130628126,-1621.721435546875,-395445.03125
59.23290717065038,-1654.4490966796875,-389561.40625
60.2334630350195,-1686.681396484375,-383580.5625
61.23401889938856,-1718.4124755859375,-377503.84375
62.23457476375768,-1749.6309814453125,-371333.21875
63.23513062812674,-1780.3328857421875,-365070.0625
64.2356864924958,-1810.5081787109375,-358716.21875
65.23624235686492,-1840.1494140625,-352273.375
66.23679822123404,-1869.25048828125,-345743.0625
67.23735408560316,-1897.802734375,-339127.21875
68.23790994997222,-1925.8009033203125,-332427.1875
69.23846581434134,-1953.2359619140625,-325645.0
70.2390216787104,-1980.1024169921875,-318782.0
71.23957754307946,-2006.393798828125,-311840.3125
72.24013340744858,-2032.1029052734375,-304821.21875
73.2406892718177,-2057.2236328125,-297726.5625
74.24124513618682,-2081.749267578125,-290558.3125
75.24180100055588,-2105.6748046875,-283317.75
76.24235686492494,-2128.9931640625,-276007.09375
77.24291272929406,-2151.69970703125,-268627.53125
78.24346859366312,-2173.787353515625,-261181.234375
79.24402445803224,-2195.252197265625,-253669.578125
80.24458032240136,-2216.087158203125,-246094.65625
81.24513618677048,-2236.288818359375,-238457.84375
82.24569205113954,-2255.851318359375,-230761.046875
83.2462479155086,-2274.768798828125,-223006.21875
84.24680377987772,-2293.03759765625,-215194.671875
85.24735964424679,-2310.653076171875,-207328.6875
86.2479155086159,-2327.610595703125,-199409.484375
87.24847137298502,-2343.9052734375,-191439.328125
88.24902723735408,-2359.533447265625,-183419.484375
89.2495831017232,-2374.49072265625,-175352.28125
90.25013896609227,-2388.773193359375,-167238.90625
91.25069483046138,-2402.3779296875,-159081.734375
92.25125069483045,-2415.301025390625,-150882.046875
93.25180655919957,-2427.538330078125,-142641.890625
94.25236242356868,-2439.086669921875,-134363.234375
95.25291828793775,-2449.943603515625,-126047.53125
96.25347415230686,-2460.105224609375,-117696.9375
97.25403001667593,-2469.569580078125,-109312.9296875
98.25458588104505,-2478.333251953125,-100897.734375
99.25514174541416,-2486.39404296875,-92452.75
100.25569760978323,-2493.749755859375,-83980.2734375
101.25625347415235,-2500.3984375,-75481.5
102.25680933852135,-2506.336181640625,-66959.15625
103.25736520289053,-2511.5634765625,-58414.6953125
104.25792106725964,-2516.0771484375,-49849.9921875
105.2584769316287,-2519.875732421875,-41266.43359375
106.25903279599783,-2522.958251953125,-32666.87109375
107.25958866036683,-2525.322998046875,-24052.705078125
108.260144524736,-2526.96875,-15425.9287109375
109.26070038910501,-2527.895263671875,-6787.91845703125
110.26125625347419,-2528.100341796875,1858.4447021484375
111.2618121178433,-2527.584716796875,10511.6494140625
112.26236798221237,-2526.34765625,19170.287109375
113.26292384658149,-2524.387939453125,27831.408203125
114.26347971095049,-2521.7060546875,36493.4921875
115.26403557531967,-2518.302490234375,45154.5859375
116.26459143968867,-2514.176513671875,53813.20703125
117.26514730405785,-2509.328857421875,62466.359375
118.26570316842697,-2503.760009765625,71112.5078125
119.26625903279597,-2497.470703125,79749.6796875
120.26681489716515,-2490.4609375,88376.234375
121.26737076153415,-2482.733154296875,96989.296875
122.26792662590333,-2474.287841796875,105587.1640625
123.26848249027233,-2465.125732421875,114168.3515625
124.26903835464151,-2455.24951171875,122729.7421875
125.26959421901063,-2444.66015625,131269.765625
126.27015008337963,-2433.360107421875,139786.359375
127.27070594774881,-2421.35009765625,148277.828125
128.2712618121178,-2408.634033203125,156741.21875
129.271817676487,-2395.213134765625,165174.640625
130.272373540856,-2381.08984375,173576.71875
131.2729294052251,-2366.268310546875,181944.21875
132.2734852695943,-2350.750244140625,190275.375
133.2740411339633,-2334.539306640625,198568.078125
134.27459699833247,-2317.63818359375,206820.6875
135.27515286270147,-2300.051513671875,215030.078125
136.27570872707065,-2281.7822265625,223194.34375
137.27626459143966,-2262.83349609375,231311.4375
138.27682045580877,-2243.209228515625,239379.59375
139.27737632017795,-2222.915283203125,247395.625
140.27793218454696,-2201.95556640625,255357.75
141.27848804891613,-2180.333251953125,263264.1875
142.27904391328514,-2158.054931640625,271111.75
143.27959977765425,-2135.125244140625,278898.8125
144.28015564202332,-2111.548583984375,286622.84375
145.28071150639244,-2087.329833984375,294282.1875
146.2812673707616,-2062.4755859375,301873.625
147.28182323513062,-2036.991455078125,309395.28125
148.2823790994998,-2010.8828125,316845.5
149.2829349638688,-1984.15625,324220.875
150.28349082823792,-1956.818603515625,331519.71875
151.28404669260698,-1928.875244140625,338739.625
152.2846025569761,-1900.3321533203125,345878.6875
153.28515842134527,-1871.198486328125,352933.875
154.28571428571433,-1841.480224609375,359903.375
155.2862701500834,-1811.1849365234375,366784.75
156.28682601445246,-1780.3173828125,373576.0625
157.28738187882163,-1748.8895263671875,380274.4375
158.28793774319058,-1716.9068603515625,386877.65625
159.28849360755976,-1684.3756103515625,393384.0
160.28904947192893,-1651.3082275390625,399790.53125
161.289605336298,-1617.7110595703125,406095.21875
162.29016120066706,-1583.5916748046875,412295.71875
163.29071706503612,-1548.9586181640625,418390.125
164.2912729294053,-1513.823974609375,424375.65625
165.29182879377424,-1478.1942138671875,430250.25
166.29238465814342,-1442.07958984375,436011.75
167.2929405225126,-1405.4876708984375,441658.25
168.29349638688154,-1368.4315185546875,447186.6875
169.29405225125072,-1330.91943359375,452595.5
170.29460811561978,-1292.95947265625,457882.59375
171.29516397998896,-1254.5657958984375,463045.3125
172.2957198443579,-1215.7469482421875,468081.65625
173.29627570872708,-1176.513427734375,472989.625
174.29683157309626,-1136.8741455078125,477767.375
175.2973874374652,-1096.84423828125,482412.15625
176.29794330183438,-1056.4326171875,486922.40625
177.29849916620344,-1015.6480102539062,491295.96875
178.29905503057262,-974.507080078125,495530.59375
179.29961089494157,-933.0188598632812,499624.46875
180.30016675931074,-891.1953125,503575.71875
181.30072262367992,-849.0458984375,507382.375
182.30127848804887,-806.5877075195312,511042.34375
183.30183435241804,-763.830322265625,514553.8125
184.3023902167871,-720.7864379882812,517915.09375
185.30294608115628,-677.46630859375,521124.375
186.30350194552523,-633.8873291015625,524179.65625
187.3040578098944,-590.0601196289062,527079.4375
188.30461367426358,-545.9952392578125,529822.125
189.30516953863253,-501.71063232421875,532405.75
190.3057254030017,-457.2174072265625,534828.8125
191.30628126737076,-412.5289001464844,537089.8125
192.30683713173983,-367.6560974121094,539187.3125
193.3073929961089,-322.6177978515625,541119.75
194.30794886047806,-277.4253234863281,542885.6875
195.30850472484724,-232.09010314941406,544483.75
196.3090605892162,-186.63125610351562,545912.6875
197.30961645358536,-141.06019592285156,547171.1875
198.31017231795443,-95.39139556884766,548257.8125
199.3107281823235,-49.63679504394531,549172.0625
200.31128404669255,-3.8156275749206543,549912.25
201.31183991106172,42.05998611450195,550477.375
202.3123957754309,87.97534942626953,550866.75
203.31295163979985,133.9182586669922,551079.25
204.31350750416902,179.8690948486328,551114.0625
205.3140633685381,225.8153533935547,550970.375
206.31461923290715,271.74468994140625,550647.625
207.3151750972762,317.6371154785156,550145.0
208.3157309616454,363.480224609375,549461.875
209.31628682601456,409.258544921875,548597.8125
210.3168426903835,454.9599914550781,547552.375
211.31739855475269,500.5641174316406,546325.0625
212.31795441912175,546.0582275390625,544915.8125
213.3185102834908,591.4274291992188,543324.125
214.31906614785987,636.6587524414062,541549.8125
215.31962201222905,681.7318115234375,539593.125
216.3201778765981,726.634521484375,537453.875
217.32073374096717,771.353271484375,535132.0
218.32128960533635,815.86865234375,532627.8125
219.3218454697054,860.1675415039062,529941.6875
220.32240133407447,904.2350463867188,527073.5625
221.32295719844353,948.0579833984375,524023.90625
222.3235130628127,991.6168212890625,520793.4375
223.32406892718177,1034.8988037109375,517382.65625
224.32462479155083,1077.891357421875,513791.8125
225.32518065592,1120.5745849609375,510022.0625
226.32573652028907,1162.93603515625,506074.21875
227.32629238465813,1204.9609375,501948.75
228.3268482490272,1246.6368408203125,497646.875
229.32740411339637,1287.9443359375,493169.6875
230.32795997776543,1328.8714599609375,488518.40625
231.3285158421345,1369.4033203125,483694.03125
232.32907170650367,1409.5279541015625,478697.59375
233.32962757087273,1449.226806640625,473531.15625
234.3301834352418,1488.4876708984375,468195.8125
235.33073929961085,1527.299072265625,462692.875
236.33129516398003,1565.642578125,457024.59375
237.3318510283491,1603.50634765625,451192.21875
238.33240689271815,1640.87744140625,445197.6875
239.33296275708733,1677.7437744140625,439042.625
240.3335186214564,1714.08837890625,432729.46875
241.33407448582545,1749.9000244140625,426260.0
242.33463035019463,1785.1673583984375,419636.03125
243.3351862145637,1819.8748779296875,412860.5
244.33574207893275,1854.0107421875,405935.125
245.33629794330182,1887.5633544921875,398862.46875
246.336853807671,1920.5216064453125,391644.5
247.33740967204005,1952.8702392578125,384284.5625
248.33796553640911,1984.599609375,376784.71875
249.3385214007783,2015.69775390625,369147.8125
250.33907726514735,2046.1556396484375,361376.0
251.33963312951641,2075.957763671875,353472.9375
252.34018899388548,2105.095947265625,345441.09375
253.34074485825465,2133.560302734375,337282.96875
254.3413007226236,2161.33837890625,329002.5
255.34185658699278,2188.420654296875,320602.125
256.34241245136195,2214.797607421875,312085.1875
257.342968315731,2240.461181640625,303454.28125
258.3435241801001,2265.399169921875,294713.65625
259.34408004446914,2289.603515625,285866.03125
260.3446359088383,2313.066162109375,276914.875
261.34519177320726,2335.779541015625,267863.09375
262.34574763757644,2357.733154296875,258715.125
263.3463035019456,2378.91943359375,249474.0
264.3468593663147,2399.333251953125,240142.71875
265.34741523068374,2418.9638671875,230725.96875
266.3479710950528,2437.805419921875,221226.859375
267.348526959422,2455.852294921875,211649.140625
268.3490828237909,2473.0986328125,201995.96875
269.3496386881601,2489.5361328125,192272.15625
270.3501945525293,2505.159423828125,182480.984375
271.35075041689834,2519.96484375,172625.796875
272.3513062812674,2533.945068359375,162711.46875
273.35186214563646,2547.096435546875,152741.375
274.35241801000564,2559.41455078125,142719.5
275.3529738743746,2570.89501953125,132649.125
276.35352973874376,2581.533935546875,122535.3671875
277.35408560311294,2591.328125,112381.671875
278.3546414674819,2600.27392578125,102192.0078125
279.35519733185106,2608.36865234375,91969.8203125
280.3557531962201,2615.60986328125,81720.2578125
281.3563090605893,2621.9951171875,71446.765625
282.35686492495824,2627.5234375,61152.84765625
283.3574207893274,2632.192626953125,50843.609375
284.3579766536966,2636.001953125,40522.5703125
285.35853251806554,2638.949951171875,30193.74609375
286.3590883824347,2641.036865234375,19860.5859375
287.3596442468038,2642.26220703125,9528.25
288.36020011117296,2642.6259765625,-799.7974853515625
289.3607559755419,2642.128662109375,-11120.162109375
290.3613118399111,2640.771728515625,-21427.6953125
291.36186770428026,2638.55615234375,-31718.9921875
292.3624235686492,2635.48291015625,-41990.109375
293.3629794330184,2631.554443359375,-52237.6796875
294.36353529738744,2626.7724609375,-62456.6796875
295.3640911617566,2621.14013671875,-72643.7734375
296.36464702612557,2614.659423828125,-82795.1328125
297.36520289049474,2607.334228515625,-92907.4609375
298.3657587548639,2599.167724609375,-102975.90625
299.36631461923287,2590.163330078125,-112997.1484375
300.36687048360204,2580.325439453125,-122968.1328125
301.3674263479711,2569.658935546875,-132884.078125
302.36798221234017,2558.16796875,-142741.84375
303.3685380767092,2545.857421875,-152537.78125
304.3690939410784,2532.731689453125,-162268.90625
305.3696498054476,2518.799072265625,-171930.734375
306.3702056698165,2504.0634765625,-181520.25
307.3707615341857,2488.53125,-191033.96875
308.37131739855477,2472.208740234375,-200469.125
309.3718732629238,2455.103515625,-209821.359375
310.3724291272929,2437.221923828125,-219087.984375
311.37298499166207,2418.5703125,-228266.21875
312.37354085603124,2399.158203125,-237351.9375
313.3740967204002,2378.992919921875,-246342.5
314.37465258476936,2358.08154296875,-255234.953125
315.3752084491384,2336.43212890625,-264026.8125
316.3757643135075,2314.055419921875,-272714.15625
317.37632017787655,2290.95849609375,-281294.59375
318.3768760422457,2267.1494140625,-289765.84375
319.3774319066149,2242.639892578125,-298124.28125
320.37798777098385,2217.4384765625,-306367.71875
321.378543635353,2191.55419921875,-314493.59375
322.3790994997221,2164.99609375,-322499.71875
323.37965536409115,2137.776611328125,-330382.84375
324.3802112284602,2109.906005859375,-338141.03125
325.3807670928294,2081.3935546875,-345772.03125
326.38132295719845,2052.24853515625,-353273.84375
327.3818788215675,2022.484375,-360643.5625
328.3824346859367,1992.1121826171875,-367879.5
329.38299055030575,1961.140380859375,-374979.90625
330.3835464146748,1929.583740234375,-381942.3125
331.3841022790439,1897.45263671875,-388764.9375
332.38465814341305,1864.7587890625,-395446.1875
333.3852140077821,1831.51171875,-401984.46875
334.3857698721512,1797.72705078125,-408377.5625
335.38632573652035,1763.416015625,-414624.09375
336.3868816008894,1728.5880126953125,-420722.90625
337.3874374652585,1693.259765625,-426671.84375
338.38799332962753,1657.441650390625,-432470.0
339.3885491939967,1621.146728515625,-438115.84375
340.3891050583658,1584.385009765625,-443608.5625
341.38966092273483,1547.1741943359375,-448946.4375
342.390216787104,1509.524658203125,-454128.46875
343.39077265147307,1471.4495849609375,-459153.75
344.39132851584213,1432.9598388671875,-464021.59375
345.3918843802112,1394.0731201171875,-468730.5
346.39244024458037,1354.80029296875,-473279.78125
347.39299610894943,1315.15283203125,-477669.28125
348.3935519733185,1275.1480712890625,-481897.46875
349.39410783768767,1234.797607421875,-485964.125
350.39466370205673,1194.1146240234375,-489868.6875
351.3952195664258,1153.1109619140625,-493610.75
352.39577543079486,1111.80419921875,-497189.5
353.39633129516403,1070.205810546875,-500605.0
354.3968871595331,1028.3294677734375,-503856.53125
355.39744302390216,986.1864624023438,-506944.21875
356.39799888827133,943.7954711914062,-509867.65625
357.3985547526404,901.1672973632812,-512626.75
358.39911061700946,858.3135986328125,-515221.59375
359.3996664813785,815.2528076171875,-517651.75
0.400222345747693,771.9962768554688,-519917.625
1.400778210116755,728.5576171875,-522019.15625
2.401334074485817,684.9481811523438,-523956.84375
3.4018899388549926,641.1863403320312,-525730.3125
4.4024458032240545,597.2836303710938,-527340.3125
5.4030016675931165,553.2509155273438,-528786.75
6.4035575319621785,509.10687255859375,-530070.4375
7.404113396331354,464.862548828125,-531191.3125
8.404669260700416,420.5317077636719,-532150.25
9.405225125069478,376.125,-532947.5
10.405780989438654,331.6610107421875,-533583.6875
11.406336853807602,287.15069580078125,-534059.4375
12.406892718176778,242.60740661621094,-534375.375
13.40744858254584,198.04202270507812,-534532.125
14.408004446915015,153.47264099121094,-534530.625
15.408560311284077,108.9097671508789,-534371.25
16.40911617565314,64.36445617675781,-534055.0625
17.409672040022315,19.854326248168945,-533583.0625
18.410227904391263,-24.609811782836914,-532955.6875
19.41078376876044,-69.0153579711914,-532174.375
20.4113396331295,-113.35164642333984,-531239.5625
21.411895497498676,-157.60130310058594,-530152.6875
22.41245136186774,-201.7540283203125,-528914.4375
23.4130072262368,-245.79962158203125,-527526.0
24.413563090605976,-289.7208251953125,-525988.5625
25.414118954974924,-333.5076904296875,-524302.9375
26.4146748193441,-377.1479187011719,-522470.6875
27.415230683713162,-420.6315612792969,-520492.53125
28.415786548082224,-463.9419250488281,-518369.9375
29.4163424124514,-507.0692443847656,-516104.15625
30.41689827682046,-550.001708984375,-513696.21875
31.417454141189637,-592.7300415039062,-511147.5
32.418010005558585,-635.237548828125,-508459.375
33.41856586992776,-677.5152587890625,-505633.25
34.41912173429682,-719.5537109375,-502669.9375
35.419677598665885,-761.3373413085938,-499571.4375
36.42023346303506,-802.8570556640625,-496338.75
37.42078932740412,-844.1015014648438,-492973.46875
38.4213451917733,-885.0623168945312,-489476.71875
39.42190105614225,-925.7237548828125,-485850.1875
40.42245692051142,-966.0775756835938,-482095.34375
41.423012784880484,-1006.1129760742188,-478213.5
42.423568649249546,-1045.821533203125,-474206.0625
43.42412451361872,-1085.188720703125,-470074.8125
44.424680377987784,-1124.206298828125,-465821.0
45.42523624235696,-1162.8662109375,-461446.0
46.42579210672591,-1201.1541748046875,-456951.875
47.42634797109508,-1239.062744140625,-452339.875
48.42690383546426,-1276.581787109375,-447611.4375
49.42745969983321,-1313.7037353515625,-442768.0
50.42801556420238,-1350.4154052734375,-437811.6875
51.428571428571445,-1386.708740234375,-432743.65625
52.42912729294051,-1422.5770263671875,-427565.3125
53.42968315730957,-1458.0072021484375,-422278.90625
54.430239021678744,-1492.991943359375,-416885.53125
55.43079488604792,-1527.5228271484375,-411387.0625
56.43135075041687,-1561.592529296875,-405784.59375
57.431906614786044,-1595.189208984375,-400080.65625
58.432462479155106,-1628.3060302734375,-394276.21875
59.43301834352417,-1660.9344482421875,-388373.09375
60.43357420789323,-1693.06884765625,-382372.6875
61.434130072262406,-1724.6973876953125,-376277.21875
62.43468593663158,-1755.81298828125,-370087.96875
63.43524180100053,-1786.410888671875,-363806.34375
64.4357976653697,-1816.4791259765625,-357434.65625
65.43635352973877,-1846.012939453125,-350974.375
66.43690939410783,-1875.0045166015625,-344426.875
67.43746525847689,-1903.4476318359375,-337793.71875
68.43802112284607,-1931.332763671875,-331077.25
69.43857698721524,-1958.6546630859375,-324278.84375
70.43913285158419,-1985.408203125,-317399.75
71.43968871595337,-2011.582763671875,-310442.46875
72.44024458032243,-2037.174072265625,-303408.28125
73.44080044469149,-2062.17578125,-296298.90625
74.44135630906055,-2086.58349609375,-289115.75
75.44191217342973,-2110.38720703125,-281861.1875
76.44246803779879,-2133.583984375,-274536.6875
77.44302390216785,-2156.16650390625,-267143.8125
78.44357976653703,-2178.130859375,-259683.9375
79.44413563090609,-2199.4697265625,-252159.6875
80.44469149527515,-2220.178466796875,-244572.234375
81.44524735964421,-2240.25341796875,-236923.0625
82.44580322401339,-2259.686767578125,-229214.71875
83.44635908838245,-2278.474609375,-221448.421875
84.44691495275151,-2296.613037109375,-213626.0625
85.44747081712069,-2314.09765625,-205748.859375
86.44802668148975,-2330.9228515625,-197819.484375
87.44858254585881,-2347.084228515625,-189839.28125
88.44913841022787,-2362.578125,-181810.03125
89.44969427459705,-2377.401123046875,-173733.015625
90.45025013896611,-2391.548583984375,-165610.96875
91.45080600333517,-2405.016845703125,-157445.171875
92.45136186770435,-2417.80322265625,-149237.03125
93.45191773207341,-2429.90283203125,-140989.21875
94.45247359644247,-2441.31298828125,-132703.046875
95.45302946081154,-2452.031005859375,-124380.3828125
96.45358532518071,-2462.0537109375,-116022.546875
97.45414118954977,-2471.37841796875,-107632.359375
98.45469705391884,-2480.001708984375,-99211.09375
99.45525291828801,-2487.921875,-90760.203125
100.45580878265707,-2495.136474609375,-82282.3984375
101.45636464702613,-2501.642578125,-73779.1328125
102.4569205113952,-2507.43896484375,-65252.21484375
103.45747637576437,-2512.5234375,-56703.078125
104.45803224013343,-2516.89404296875,-48134.53125
105.4585881045025,-2520.549560546875,-39548.0078125
106.45914396887167,-2523.488525390625,-30945.3671875
107.45969983324073,-2525.7099609375,-22328.0859375
108.4602556976098,-2527.211669921875,-13698.9755859375
109.46081156197886,-2527.993896484375,-5059.5380859375
110.46136742634803,-2528.05517578125,3588.827392578125
111.4619232907171,-2527.39501953125,12243.1923828125
112.46247915508616,-2526.013427734375,20902.0859375
113.46303501945533,-2523.909423828125,29563.5390625
114.4635908838244,-2521.08349609375,38226.0703125
115.46414674819346,-2517.53515625,46886.75390625
116.46470261256252,-2513.264892578125,55544.02734375
117.4652584769317,-2508.2724609375,64196.4296875
118.46581434130076,-2502.5595703125,72840.9453125
119.46637020566982,-2496.126220703125,81476.0703125
120.466926070039,-2488.97314453125,90099.6796875
121.46748193440794,-2481.101318359375,98710.34375
122.46803779877712,-2472.512939453125,107304.9921875
123.46859366314618,-2463.2080078125,115881.984375
124.46914952751536,-2453.189208984375,124439.2578125
125.46970539188442,-2442.456787109375,132975.25
126.47026125625348,-2431.014892578125,141486.90625
127.47081712062266,-2418.863525390625,149972.546875
128.4713729849916,-2406.00537109375,158430.546875
129.47192884936078,-2392.444580078125,166857.828125
130.47248471372984,-2378.181884765625,175252.75
131.47304057809902,-2363.220703125,183613.109375
132.47359644246808,-2347.56298828125,191937.296875
133.47415230683714,-2331.214111328125,200222.0625
134.47470817120632,-2314.176025390625,208465.796875
135.47526403557526,-2296.45263671875,216666.34375
136.47581989994444,-2278.0458984375,224821.828125
137.4763757643135,-2258.962158203125,232929.21875
138.47693162868268,-2239.20458984375,240986.78125
139.47748749305174,-2218.776123046875,248992.609375
140.4780433574208,-2197.683837890625,256943.6875
141.47859922178998,-2175.930908203125,264838.1875
142.47915508615893,-2153.521728515625,272673.96875
143.4797109505281,-2130.4609375,280448.90625
144.48026681489716,-2106.75537109375,288160.1875
145.48082267926623,-2082.410400390625,295805.71875
146.4813785436354,-2057.42822265625,303383.84375
147.48193440800446,-2031.8194580078125,310891.34375
148.48249027237364,-2005.5872802734375,318326.40625
149.4830461367426,-1978.7381591796875,325686.5625
150.48360200111176,-1951.27734375,332970.25
151.48415786548082,-1923.2138671875,340174.125
152.4847137298499,-1894.5535888671875,347296.3125
153.48526959421906,-1865.30224609375,354334.5625
154.48582545858812,-1835.4664306640625,361286.9375
155.4863813229573,-1805.05615234375,368150.4375
156.48693718732625,-1774.077392578125,374923.0
157.48749305169542,-1742.5361328125,381602.875
158.48804891606449,-1710.443359375,388186.875
159.48860478043355,-1677.805908203125,394673.15625
160.48916064480272,-1644.6318359375,401059.5
161.48971650917179,-1610.927490234375,407343.84375
162.49027237354096,-1576.70556640625,413523.28125
163.4908282379099,-1541.97265625,419595.78125
164.49138410227908,-1506.7362060546875,425559.65625
165.49193996664815,-1471.0089111328125,431411.84375
166.4924958310172,-1434.7982177734375,437150.34375
167.49305169538638,-1398.1142578125,442773.21875
168.49360755975545,-1360.96435546875,448278.34375
169.4941634241245,-1323.3623046875,453662.875
170.49471928849357,-1285.3162841796875,458924.96875
171.49527515286275,-1246.8367919921875,464062.59375
172.4958310172318,-1207.93212890625,469073.78125
173.49638688160087,-1168.6171875,473955.6875
174.49694274597005,-1128.900390625,478706.84375
175.4974986103391,-1088.7908935546875,483325.3125
176.49805447470817,-1048.3040771484375,487808.09375
177.49861033907723,-1007.44921875,492153.875
178.4991662034464,-966.238037109375,496360.5
179.49972206781547,-924.6796264648438,500426.375
180.50027793218453,-882.790283203125,504348.65625
181.5008337965537,-840.5800170898438,508126.09375
182.50138966092277,-798.0609130859375,511756.40625
183.50194552529183,-755.2429809570312,515238.34375
184.5025013896609,-712.1432495117188,518569.21875
185.50305725403007,-668.772216796875,521747.71875
186.50361311839913,-625.1401977539062,524772.3125
187.5041689827682,-581.2648315429688,527640.75
188.50472484713737,-537.1569213867188,530351.625
189.50528071150643,-492.82958984375,532903.1875
190.5058365758755,-448.293701171875,535294.125
191.50639244024455,-403.56768798828125,537522.625
192.50694830461373,-358.6626892089844,539587.0
193.5075041689828,-313.5899353027344,541486.375
194.50806003335185,-268.36834716796875,543218.75
195.50861589772103,-223.00927734375,544783.125
196.5091717620901,-177.52674865722656,546178.0
197.50972762645915,-131.93516540527344,547402.25
198.51028349082833,-86.2460708618164,548454.6875
199.51083935519728,-40.476409912109375,549334.0625
200.51139521956645,5.354327201843262,550039.3125
201.51195108393551,51.24152374267578,550569.5
202.5125069483047,97.16560363769531,550923.4375
203.51306281267387,143.10679626464844,551100.4375
204.5136186770427,189.06033325195312,551099.6875
205.51417454141188,235.00146484375,550920.3125
206.51473040578105,280.9250793457031,550561.4375
207.5152862701501,326.8113098144531,550022.75
208.5158421345193,372.64007568359375,549303.625
209.51639799888824,418.406494140625,548403.1875
210.5169538632574,464.0899658203125,547321.375
211.51750972762648,509.67095947265625,546057.8125
212.51806559199565,555.1438598632812,544612.0
213.5186214563646,600.4885864257812,542983.6875
214.51917732073366,645.68505859375,541173.1875
215.51973318510284,690.7278442382812,539179.8125
216.520289049472,735.5919189453125,537004.1875
217.52084491384107,780.2718505859375,534645.8125
218.52140077821002,824.7473754882812,532105.1875
219.5219566425792,868.9988403320312,529382.5625
220.52251250694837,913.0203857421875,526478.125
221.52306837131744,956.79248046875,523392.1875
222.5236242356866,1000.2947387695312,520125.84375
223.52418010005556,1043.5216064453125,516678.71875
224.52473596442474,1086.4541015625,513052.0625
225.5252918287938,1129.0718994140625,509246.875
226.52584769316297,1171.3695068359375,505263.15625
227.52640355753192,1213.322998046875,501102.59375
228.52695942190098,1254.9268798828125,496765.53125
229.52751528627016,1296.1617431640625,492253.25
230.52807115063933,1337.008544921875,487567.34375
231.5286270150084,1377.4619140625,482708.28125
232.52918287937734,1417.5030517578125,477677.75
233.52973874374652,1457.1131591796875,472477.71875
234.5302946081157,1496.2874755859375,467108.5625
235.53085047248476,1535.006591796875,461572.25
236.53140633685393,1573.2530517578125,455871.3125
237.53196220122288,1611.021484375,450006.0625
238.53251806559194,1648.2900390625,443979.6875
239.53307392996112,1685.0535888671875,437792.6875
240.5336297943303,1721.29443359375,431447.84375
241.53418565869924,1756.9962158203125,424947.8125
242.5347415230683,1792.1529541015625,418293.15625
243.53529738743748,1826.7486572265625,411487.09375
244.53585325180666,1860.7674560546875,404532.46875
245.53640911617572,1894.2030029296875,397430.25
246.53696498054467,1927.041259765625,390183.625
247.53752084491384,1959.265380859375,382795.9375
248.53807670928302,1990.8714599609375,375268.09375
249.53863257365208,2021.8433837890625,367603.59375
250.53918843802126,2052.16748046875,359806.03125
251.5397443023902,2081.840087890625,351876.53125
252.54030016675927,2110.842041015625,343819.78125
253.54085603112844,2139.17041015625,335636.84375
254.54141189549762,2166.8115234375,327331.65625
255.54196775986657,2193.752197265625,318908.28125
256.5425236242356,2219.988037109375,310367.8125
257.5430794886048,2245.507568359375,301714.625
258.543635352974,2270.298095703125,292952.78125
259.54419121734304,2294.3564453125,284083.78125
260.544747081712,2317.671142578125,275111.8125
261.54530294608116,2340.230712890625,266041.40625
262.5458588104502,2362.0322265625,256873.984375
263.5464146748194,2383.0634765625,247615.15625
264.5469705391886,2403.3212890625,238266.390625
265.5475264035575,2422.795654296875,228832.40625
266.5480822679266,2441.478515625,219317.796875
267.54863813229576,2459.366455078125,209724.25
268.54919399666494,2476.451416015625,200056.515625
269.5497498610339,2492.725341796875,190319.484375
270.55030572540295,2508.1865234375,180514.765625
271.5508615897721,2522.8271484375,170647.3125
272.5514174541413,2536.641357421875,160722.0625
273.55197331851036,2549.62744140625,150740.75
274.5525291828793,2561.776611328125,140709.5
275.5530850472485,2573.09033203125,130630.046875
276.55364091161755,2583.560546875,120507.4296875
277.5541967759867,2593.1845703125,110346.765625
278.5547526403559,2601.960693359375,100149.8359375
279.55530850472485,2609.885498046875,89921.7421875
280.5558643690939,2616.955078125,79667.625
281.5564202334631,2623.169921875,69389.28125
282.55697609783226,2628.5263671875,59091.87109375
283.5575319622011,2633.023193359375,48780.50390625
284.5580878265703,2636.660400390625,38457.03125
285.55864369093945,2639.435791015625,28127.68359375
286.5591995553085,2641.350830078125,17794.244140625
287.5597554196777,2642.403076171875,7461.8984375
288.56031128404663,2642.594970703125,-2864.265625
289.5608671484158,2641.92626953125,-13182.4775390625
290.56142301278487,2640.3974609375,-23487.638671875
291.56197887715405,2638.010009765625,-33774.6328125
292.5625347415232,2634.765380859375,-44041.84375
293.56309060589217,2630.665771484375,-54284.10546875
294.56364647026123,2625.71435546875,-64496.47265625
295.5642023346304,2619.91162109375,-74677.3203125
296.5647581989996,2613.261474609375,-84821.6171875
297.5653140633684,2605.76806640625,-94924.4375
298.5658699277376,2597.433349609375,-104984.2890625
299.56642579210677,2588.2626953125,-114995.1640625
300.56698165647583,2578.25830078125,-124955.546875
301.567537520845,2567.426025390625,-134860.625
302.56809338521396,2555.771240234375,-144705.765625
303.56864924958313,2543.297119140625,-154489.515625
304.5692051139522,2530.009521484375,-164207.1875
305.56976097832126,2515.916259765625,-173854.265625
306.57031684269054,2501.0205078125,-183429.375
307.5708727070594,2485.328369140625,-192928.09375
308.57142857142867,2468.85009765625,-202346.0
309.57198443579773,2451.588623046875,-211681.90625
310.5725403001668,2433.55322265625,-220930.46875
311.5730961645361,2414.7490234375,-230090.546875
312.5736520289049,2395.1845703125,-239158.0
313.574207893274,2374.87060546875,-248128.703125
314.57476375764327,2353.810546875,-257001.671875
315.57531962201233,2332.0146484375,-265772.875
316.57587548638116,2309.493896484375,-274438.625
317.57643135075045,2286.2529296875,-282997.78125
318.5769872151195,2262.30224609375,-291446.84375
319.5775430794886,2237.655517578125,-299782.03125
320.57809894385787,2212.31494140625,-308002.59375
321.5786548082267,2186.29736328125,-316104.15625
322.579210672596,2159.60595703125,-324085.96875
323.57976653696505,2132.253662109375,-331944.75
324.5803224013341,2104.255126953125,-339677.28125
325.5808782657034,2075.614013671875,-347282.90625
326.58143413007224,2046.34423828125,-354758.5
327.5819899944413,2016.4591064453125,-362101.1875
328.5825458588106,1985.9647216796875,-369310.625
329.58310172317965,1954.8746337890625,-376383.71875
330.5836575875485,1923.2042236328125,-383317.90625
331.5842134519178,1890.957763671875,-390112.8125
332.58476931628684,1858.154296875,-396765.09375
333.5853251806559,1824.7982177734375,-403274.59375
334.5858810450252,1790.90625,-409638.78125
335.586436909394,1756.4925537109375,-415855.53125
336.5869927737631,1721.5631103515625,-421924.59375
337.5875486381324,1686.1341552734375,-427843.84375
338.58810450250144,1650.2215576171875,-433611.1875
339.5886603668705,1613.8304443359375,-439226.84375
340.58921623123956,1576.977783203125,-444688.71875
341.5897720956086,1539.6800537109375,-449995.15625
342.5903279599779,1501.9423828125,-455146.25
343.590883824347,1463.781494140625,-460140.25
344.5914396887158,1425.2152099609375,-464975.9375
345.5919955530851,1386.2479248046875,-469653.21875
346.59255141745416,1346.9017333984375,-474170.40625
347.5931072818232,1307.181396484375,-478527.6875
348.5936631461925,1267.1041259765625,-482723.8125
349.59421901056135,1226.6884765625,-486757.90625
350.5947748749304,1185.9384765625,-490630.125
351.5953307392997,1144.87255859375,-494339.65625
352.59588660366876,1103.5084228515625,-497885.625
353.5964424680378,1061.8511962890625,-501268.34375
354.5969983324069,1019.9185791015625,-504487.375
355.59755419677595,977.7289428710938,-507542.0625
356.59811006114523,935.2871704101562,-510432.71875
357.5986659255143,892.6155395507812,-513158.6875
358.59922178988313,849.7189331054688,-515720.65625
359.5997776542524,806.6156005859375,-518118.15625
0.6003335186214827,763.32373046875,-520350.96875
1.6008893829905446,719.847900390625,-522419.875
2.601445247359834,676.2064819335938,-524324.625
3.6020011117286685,632.4179077148438,-526065.25
4.6025569760977305,588.4860229492188,-527642.5
5.60311284046702,544.4296875,-529056.625
6.603668704836082,500.266845703125,-530307.5
7.604224569205144,456.001708984375,-531396.125
8.604780433574206,411.657470703125,-532322.5625
9.605336297943268,367.23785400390625,-533087.6875
10.605892162312557,322.7611083984375,-533691.75
11.606448026681619,278.24560546875,-534135.375
12.607003891050454,233.69485473632812,-534419.4375
13.607559755419743,189.12704467773438,-534544.5
14.608115619788805,144.56031799316406,-534511.3125
15.608671484157867,99.99806213378906,-534320.5625
16.609227348527156,55.45821762084961,-533973.0625
17.60978321289599,10.95877456665039,-533469.9375
18.610339077265053,-33.4971923828125,-532811.8125
19.610894941634342,-77.88699340820312,-531999.6875
20.611450806003404,-122.20752716064453,-531034.4375
21.612006670372466,-166.44113159179688,-529917.0625
22.612562534741528,-210.57057189941406,-528648.8125
23.61311839911059,-254.5927276611328,-527230.5
24.613674263479652,-298.4905090332031,-525663.1875
25.61423012784894,-342.2466125488281,-523948.28125
26.614785992217776,-385.8583984375,-522086.65625
27.615341856587065,-429.3088073730469,-520079.4375
28.615897720956127,-472.5811462402344,-517928.3125
29.61645358532519,-515.6729125976562,-515633.8125
30.61700944969448,-558.5673828125,-513197.5625
31.617565314063313,-601.248046875,-510621.0625
32.618121178432375,-643.7129516601562,-507905.15625
33.618677042801664,-685.9409790039062,-505051.53125
34.619232907170726,-727.929931640625,-502061.0625
35.61978877153979,-769.6638793945312,-498935.5
36.62034463590885,-811.1271362304688,-495676.40625
37.62090050027791,-852.3175048828125,-492284.5
38.621456364646974,-893.2197265625,-488761.625
39.62201222901626,-933.8182373046875,-485109.5625
40.6225680933851,-974.1113891601562,-481329.0625
41.62312395775439,-1014.083984375,-477421.75
42.62367982212345,-1053.721435546875,-473389.78125
43.62423568649251,-1093.0216064453125,-469233.625
44.6247915508618,-1131.9659423828125,-464955.8125
45.625347415230635,-1170.5528564453125,-460556.875
46.6259032795997,-1208.767822265625,-456038.71875
47.62645914396899,-1246.5970458984375,-451403.5625
48.62701500833805,-1284.0390625,-446651.84375
49.62757087270711,-1321.080078125,-441785.5625
50.62812673707617,-1357.706787109375,-436807.125
51.628682601445234,-1393.9173583984375,-431716.65625
52.629238465814296,-1429.6993408203125,-426516.5
53.629794330183586,-1465.0390625,-421208.875
54.63035019455242,-1499.9359130859375,-415794.15625
55.63090605892171,-1534.372802734375,-410275.03125
56.63146192329077,-1568.34912109375,-404652.1875
57.632017787659834,-1601.85205078125,-398927.5625
58.63257365202912,-1634.8701171875,-393103.59375
59.63312951639796,-1667.40185546875,-387180.65625
60.63368538076702,-1699.43603515625,-381161.03125
61.63424124513631,-1730.9605712890625,-375047.0
62.63479710950537,-1761.9747314453125,-368838.84375
63.63535297387443,-1792.4677734375,-362539.03125
64.6359088382435,-1822.4283447265625,-356149.8125
65.63646470261256,-1851.8555908203125,-349671.5
66.63702056698162,-1880.7362060546875,-343107.28125
67.63757643135091,-1909.0687255859375,-336457.28125
68.63813229571974,-1936.8433837890625,-329723.90625
69.6386881600888,-1964.0501708984375,-322909.65625
70.6392440244581,-1990.6884765625,-316014.75
71.63979988882716,-2016.7481689453125,-309041.5
72.64035575319622,-2042.22119140625,-301992.53125
73.64091161756528,-2067.105712890625,-294868.0
74.64146748193434,-2091.39306640625,-287670.34375
75.64202334630363,-2115.0751953125,-280402.0625
76.6425792106727,-2138.150390625,-273063.3125
77.64313507504176,-2160.610595703125,-265656.5625
78.64369093941082,-2182.447998046875,-258184.390625
79.64424680377988,-2203.66259765625,-250646.953125
80.64480266814894,-2224.24365234375,-243047.53125
81.64535853251823,-2244.190673828125,-235386.3125
82.64591439688706,-2263.49658203125,-227665.828125
83.64647026125613,-2282.154052734375,-219888.5625
84.64702612562542,-2300.16259765625,-212054.78125
85.64758198999448,-2317.516357421875,-204166.921875
86.64813785436354,-2334.207763671875,-196227.703125
87.6486937187326,-2350.237060546875,-188237.078125
88.64924958310166,-2365.59765625,-180197.796875
89.64980544747095,-2380.284912109375,-172112.4375
90.65036131184002,-2394.2978515625,-163981.03125
91.65091717620908,-2407.62890625,-155807.171875
92.65147304057814,-2420.278076171875,-147590.859375
93.6520289049472,-2432.240478515625,-139334.75
94.65258476931626,-2443.51171875,-131041.5859375
95.65314063368555,-2454.091552734375,-122711.390625
96.65369649805439,-2463.974853515625,-114346.875
97.65425236242345,-2473.1591796875,-105950.75
98.65480822679274,-2481.641845703125,-97523.03125
99.6553640911618,-2489.421875,-89066.5546875
100.65591995553086,-2496.494140625,-80583.9609375
101.65647581989992,-2502.8583984375,-72075.3515625
102.65703168426899,-2508.512451171875,-63544.40625
103.65758754863828,-2513.45458984375,-54991.13671875
104.65814341300734,-2517.6826171875,-46418.3984375
105.6586992773764,-2521.19482421875,-37828.95703125
106.65925514174546,-2523.990234375,-29222.849609375
107.65981100611452,-2526.0673828125,-20602.9375
108.66036687048359,-2527.425537109375,-11972.0966796875
109.66092273485287,-2528.06396484375,-3330.33251953125
110.66147859922171,-2527.980712890625,5319.4931640625
111.66203446359077,-2527.176513671875,13974.4482421875
112.66259032796006,-2525.64990234375,22634.47265625
113.66314619232912,-2523.402587890625,31295.71875
114.66370205669818,-2520.431884765625,39958.15625
115.66425792106725,-2516.738525390625,48618.7734375
116.66481378543631,-2512.32421875,57274.66796875
117.66536964980537,-2507.187744140625,65925.7578125
118.66592551417466,-2501.33056640625,74569.015625
119.66648137854372,-2494.753173828125,83201.5234375
120.66703724291278,-2487.4560546875,91823.1015625
121.66759310728185,-2479.44091796875,100430.828125
122.66814897165091,-2470.709228515625,109021.640625
123.6687048360202,-2461.26123046875,117595.3046875
124.66926070038926,-2451.09912109375,126148.8671875
125.6698165647581,-2440.2255859375,134679.3125
126.67037242912738,-2428.640625,143186.375
127.67092829349644,-2416.348876953125,151666.171875
128.6714841578655,-2403.350341796875,160118.265625
129.67204002223457,-2389.647216796875,168539.71875
130.67259588660363,-2375.24560546875,176927.421875
131.6731517509727,-2360.144287109375,185281.109375
132.67370761534198,-2344.3486328125,193597.625
133.67426347971104,-2327.862060546875,201873.90625
134.6748193440801,-2310.685546875,210109.609375
135.67537520844917,-2292.823974609375,218301.671875
136.67593107281823,-2274.283935546875,226446.96875
137.67648693718752,-2255.063720703125,234544.984375
138.67704280155658,-2235.17333984375,242591.875
139.67759866592542,-2214.611572265625,250587.0625
140.6781545302947,-2193.385498046875,258527.484375
141.67871039466377,-2171.501953125,266409.90625
142.67926625903283,-2148.96142578125,274234.03125
143.6798221234019,-2125.770751953125,281996.46875
144.68037798777095,-2101.9384765625,289694.34375
145.68093385214002,-2077.464111328125,297327.03125
146.6814897165093,-2052.35595703125,304891.25
147.68204558087837,-2026.622802734375,312383.96875
148.6826014452472,-2000.2662353515625,319804.71875
149.6831573096165,-1973.2957763671875,327149.34375
150.68371317398555,-1945.713623046875,334417.1875
151.6842690383546,-1917.528564453125,341605.3125
152.6848249027239,-1888.7509765625,348710.5625
153.68538076709274,-1859.381103515625,355732.09375
154.68593663146203,-1829.4295654296875,362667.03125
155.6864924958311,-1798.90673828125,369512.09375
156.68704836020015,-1767.8134765625,376266.59375
157.6876042245692,-1736.16064453125,382927.5625
158.68816008893828,-1703.9603271484375,389491.84375
159.68871595330734,-1671.212890625,395958.6875
160.68927181767663,-1637.9342041015625,402324.34375
161.6898276820457,-1604.125244140625,408587.96875
162.69038354641452,-1569.7987060546875,414746.5625
163.6909394107838,-1534.96630859375,420797.09375
164.69149527515287,-1499.6309814453125,426738.90625
165.69205113952194,-1463.803955078125,432568.8125
166.69260700389123,-1427.5003662109375,438284.1875
167.69316286826006,-1390.7205810546875,443883.90625
168.69371873262935,-1353.4788818359375,449365.03125
169.6942745969984,-1315.7891845703125,454724.90625
170.69483046136747,-1277.653564453125,459962.6875
171.69538632573654,-1239.086669921875,465075.375
172.6959421901056,-1200.1029052734375,470060.40625
173.69649805447466,-1160.704345703125,474916.65625
174.69705391884395,-1120.9110107421875,479641.09375
175.697609783213,-1080.7247314453125,484232.5
176.69816564758185,-1040.161376953125,488688.5
177.69872151195113,-999.236572265625,493006.40625
178.6992773763202,-957.9529418945312,497185.15625
179.69983324068926,-916.3269653320312,501222.375
180.70038910505855,-874.3746337890625,505115.71875
181.70094496942738,-832.0994262695312,508864.0
182.70150083379667,-789.5176391601562,512465.0625
183.70205669816573,-746.6466064453125,515916.53125
184.7026125625348,-703.4891967773438,519217.25
185.70316842690386,-660.0678100585938,522364.96875
186.70372429127292,-616.3856201171875,525358.375
187.70428015564198,-572.4602661132812,528195.625
188.70483602001127,-528.3097534179688,530874.5625
189.70539188438033,-483.93780517578125,533394.3125
190.70594774874917,-439.3623046875,535752.9375
191.70650361311846,-394.6018371582031,537948.5625
192.70705947748752,-349.6602783203125,539980.25
193.70761534185658,-304.55621337890625,541846.25
194.70817120622587,-259.30828857421875,543545.1875
195.7087270705947,-213.9209442138672,545075.6875
196.70928293496377,-168.4180450439453,546436.5625
197.70983879933306,-122.80372619628906,547626.5625
198.71039466370212,-77.09742736816406,548644.375
199.71095052807118,-31.31842613220215,549489.0
200.71150639244024,14.528825759887695,550159.3125
201.7120622568093,60.42461395263672,550654.375
202.7126181211786,106.34927368164062,550973.0625
203.71317398554766,152.2981414794922,551114.5625
204.7137298499165,198.25137329101562,551078.0625
205.71428571428578,244.18910217285156,550862.875
206.71484157865484,290.1065368652344,550468.25
207.7153974430239,335.978515625,549893.5
208.7159533073932,381.79998779296875,549138.0
209.71650917176203,427.55096435546875,548201.375
210.7170650361311,473.2111511230469,547083.3125
211.71762090050038,518.7757568359375,545783.25
212.71817676486944,564.2242431640625,544300.875
213.7187326292385,609.5365600585938,542636.25
214.71928849360756,654.7074584960938,540789.125
215.71984435797663,699.7166748046875,538759.25
216.72040022234592,744.5440673828125,536547.0625
217.72095608671498,789.1844482421875,534152.1875
218.7215119510838,833.617431640625,531575.0
219.7220678154531,877.822998046875,528816.125
220.72262367982216,921.7960205078125,525875.375
221.72317954419123,965.5112915039062,522753.6875
222.72373540856051,1008.9636840820312,519450.78125
223.72429127292935,1052.133056640625,515967.71875
224.7248471372984,1094.9998779296875,512305.59375
225.7254030016677,1137.5584716796875,508464.3125
226.72595886603676,1179.789306640625,504445.03125
227.72651473040582,1221.6732177734375,500249.25
228.7270705947749,1263.20458984375,495877.09375
229.72762645914395,1304.36376953125,491329.6875
230.72818232351324,1345.132080078125,486609.28125
231.7287381878823,1385.50439453125,481715.8125
232.72929405225113,1425.456787109375,476651.65625
233.72984991662042,1464.9844970703125,471417.21875
234.73040578098949,1504.0684814453125,466014.46875
235.73096164535855,1542.6907958984375,460445.71875
236.73151750972784,1580.8463134765625,454711.1875
237.73207337409667,1618.5167236328125,448813.4375
238.73262923846573,1655.6845703125,442754.875
239.73318510283502,1692.3443603515625,436536.21875
240.73374096720408,1728.4793701171875,430159.90625
241.73429683157292,1764.0721435546875,423628.9375
242.7348526959422,1799.118408203125,416943.875
243.73540856031127,1833.5968017578125,410108.53125
244.73596442468033,1867.501953125,403123.5625
245.73652028904962,1900.8197021484375,395992.28125
246.73707615341846,1933.5328369140625,388717.875
247.73763201778775,1965.6370849609375,381301.25
248.7381878821568,1997.116943359375,373745.90625
249.73874374652587,2027.9580078125,366055.25
250.73929961089516,2058.155517578125,358230.40625
251.739855475264,2087.695068359375,350275.0625
252.74041133963306,2116.562744140625,342193.03125
253.74096720400235,2144.754638671875,333985.34375
254.7415230683714,2172.25390625,325657.03125
255.74207893274024,2199.056640625,317209.1875
256.74263479710953,2225.150146484375,308646.0
257.7431906614786,2250.5224609375,299971.5625
258.74374652584765,2275.16943359375,291187.25
259.74430239021694,2299.07958984375,282297.3125
260.7448582545858,2322.241943359375,273306.21875
261.74541411895507,2344.65283203125,264215.375
262.74596998332413,2366.301025390625,255029.15625
263.7465258476932,2387.177978515625,245752.265625
264.7470817120625,2407.279541015625,236386.15625
265.7476375764313,2426.5966796875,226935.53125
266.7481934408004,2445.120361328125,217405.03125
267.74874930516967,2462.8486328125,207796.359375
268.74930516953873,2479.77001953125,198115.296875
269.74986103390756,2495.8828125,188363.5625
270.75041689827685,2511.180419921875,178546.0
271.7509727626459,2525.655517578125,168667.578125
272.751528627015,2539.305908203125,158729.921875
273.75208449138427,2552.124755859375,148738.09375
274.7526403557531,2564.107177734375,138697.09375
275.7531962201224,2575.251708984375,128608.7109375
276.75375208449145,2585.553466796875,118477.921875
277.7543079488605,2595.00830078125,108309.90625
278.7548638132298,2603.614013671875,98106.4375
279.75541967759864,2611.366943359375,87873.703125
280.7559755419677,2618.266845703125,77613.5234375
281.756531406337,2624.31005859375,67331.0546875
282.75708727070605,2629.494140625,57031.41015625
283.7576431350749,2633.819580078125,46716.41015625
284.7581989994442,2637.284423828125,36391.1953125
285.75875486381324,2639.88818359375,26060.943359375
286.7593107281823,2641.630615234375,15727.421875
287.7598665925516,2642.5107421875,5395.75390625
288.7604224569204,2642.530517578125,-4928.9013671875
289.7609783212895,2641.689208984375,-15244.853515625
290.7615341856588,2639.989013671875,-25545.78125
291.76209005002784,2637.429443359375,-35830.0390625
292.7626459143969,2634.013671875,-46092.578125
293.76320177876596,2629.744140625,-56328.2734375
294.763757643135,2624.62158203125,-66535.515625
295.7643135075043,2618.649169921875,-76709.3359375
296.7648693718734,2611.830810546875,-86844.765625
297.76542523624244,2604.168212890625,-96940.2109375
298.7659811006115,2595.666015625,-106990.796875
299.76653696498056,2586.328369140625,-116991.6328125
300.7670928293496,2576.157958984375,-126941.265625
301.7676486937189,2565.161865234375,-136833.796875
302.76820455808775,2553.341552734375,-146667.796875
303.7687604224568,2540.704345703125,-156438.578125
304.7693162868261,2527.256591796875,-166141.546875
305.76987215119516,2513.000732421875,-175775.375
306.7704280155642,2497.94482421875,-185335.5
307.7709838799333,2482.096923828125,-194817.453125
308.77153974430234,2465.460205078125,-204220.109375
309.77209560867163,2448.04248046875,-213538.984375
310.7726514730407,2429.853515625,-222769.90625
311.77320733740976,2410.896728515625,-231911.71875
312.7737632017788,2391.180908203125,-240960.21875
313.7743190661479,2370.717529296875,-249911.453125
314.77487493051694,2349.509521484375,-258764.28125
315.77543079488623,2327.56982421875,-267513.84375
316.77598665925507,2304.90234375,-276159.21875
317.77654252362413,2281.518798828125,-284696.65625
318.7770983879934,2257.430419921875,-293122.375
319.7776542523625,2232.641845703125,-301435.625
320.77821011673154,2207.164794921875,-309632.6875
321.7787659811006,2181.01171875,-317710.375
322.77932184546967,2154.187744140625,-325667.84375
323.77987770983896,2126.705078125,-333501.6875
324.780433574208,2098.577392578125,-341208.84375
325.7809894385771,2069.809814453125,-348788.53125
326.78154530294614,2040.418212890625,-356237.15625
327.7821011673152,2010.4080810546875,-363554.0
328.78265703168427,1979.7933349609375,-370736.28125
329.78321289605356,1948.5892333984375,-377781.1875
330.7837687604224,1916.8001708984375,-384688.28125
331.78432462479145,1884.4405517578125,-391454.9375
332.78488048916074,1851.5262451171875,-398078.65625
333.7854363535298,1818.0618896484375,-404559.1875
334.78599221789887,1784.0634765625,-410894.09375
335.7865480822679,1749.546875,-417081.375
336.787103946637,1714.5162353515625,-423120.5
337.78765981100605,1678.9927978515625,-429009.0625
338.78821567537534,1642.9801025390625,-434746.65625
339.7887715397444,1606.4959716796875,-440331.65625
340.78932740411346,1569.5562744140625,-445762.0625
341.7898832684825,1532.16650390625,-451038.03125
342.7904391328516,1494.343017578125,-456157.71875
343.7909949972209,1456.1033935546875,-461119.75
344.7915508615897,1417.4527587890625,-465924.1875
345.7921067259588,1378.40771484375,-470569.65625
346.79266259032806,1338.9862060546875,-475054.75
347.7932184546971,1299.193359375,-479379.84375
348.7937743190662,1259.0509033203125,-483543.34375
349.79433018343525,1218.5635986328125,-487545.40625
350.7948860478043,1177.74951171875,-491385.15625
351.7954419121734,1136.6263427734375,-495061.65625
352.79599777654266,1095.19921875,-498575.3125
353.7965536409117,1053.4854736328125,-501925.40625
354.7971095052808,1011.504150390625,-505111.21875
355.79766536964985,969.2594604492188,-508133.3125
356.7982212340189,926.769287109375,-510991.125
357.7987770983882,884.0527954101562,-513684.25
358.79933296275703,841.11376953125,-516213.25
359.7998888271261,797.9705810546875,-518577.9375
0.800444691495386,754.641845703125,-520777.875
1.801000555864448,711.1318969726562,-522813.96875
2.80155642023351,667.4637451171875,-524685.75
3.802112284602572,623.6415405273438,-526393.9375
4.802668148971634,579.6837768554688,-527938.5625
5.803224013340696,535.608642578125,-529319.6875
6.803779877709985,491.42059326171875,-530538.25
7.804335742079047,447.1375427246094,-531594.4375
8.804891606448109,402.7781066894531,-532488.5
9.805447470817171,358.3459167480469,-533221.25
10.806003335186233,313.859375,-533793.25
11.806559199555522,269.3367614746094,-534205.0
12.807115063924357,224.7815399169922,-534457.125
13.807670928293419,180.21682739257812,-534550.4375
14.808226792662708,135.64602661132812,-534485.6875
15.80878265703177,91.08722686767578,-534263.5625
16.809338521400832,46.55827713012695,-533885.0
17.809894385769894,2.062525749206543,-533350.6875
18.810450250138956,-42.38215637207031,-532661.625
19.811006114508018,-86.75804901123047,-531818.75
20.811561978877307,-131.062255859375,-530823.0625
21.81211784324637,-175.27700805664062,-529675.5
22.812673707615204,-219.38497924804688,-528377.0625
23.813229571984493,-263.3833923339844,-526928.75
24.813785436353555,-307.2499084472656,-525332.0625
25.814341300722617,-350.98193359375,-523587.625
26.81489716509168,-394.5624084472656,-521696.78125
27.81545302946074,-437.9744567871094,-519660.875
28.81600889383003,-481.2153625488281,-517480.78125
29.816564758199092,-524.2686157226562,-515157.84375
30.817120622568154,-567.117431640625,-512693.65625
31.817676486937216,-609.7599487304688,-510088.96875
32.81823235130628,-652.1790161132812,-507345.28125
33.81878821567534,-694.3592529296875,-504464.34375
34.81934408004463,-736.2982177734375,-501446.71875
35.81989994441369,-777.9751586914062,-498294.5625
36.820455808782526,-819.3883666992188,-495008.46875
37.821011673151816,-860.522216796875,-491590.3125
38.82156753752088,-901.3607177734375,-488041.84375
39.82212340188994,-941.9026489257812,-484363.53125
40.822679266259,-982.1325073242188,-480557.5625
41.82323513062806,-1022.035400390625,-476625.625
42.82379099499735,-1061.6094970703125,-472568.34375
43.824346859366415,-1100.8404541015625,-468387.65625
44.82490272373548,-1139.712890625,-464085.53125
45.82545858810454,-1178.2264404296875,-459662.65625
46.8260144524736,-1216.36572265625,-455120.875
47.82657031684266,-1254.11767578125,-450462.375
48.82712618121195,-1291.480224609375,-445687.65625
49.827682045581014,-1328.4359130859375,-440799.21875
50.82823790994985,-1364.9832763671875,-435797.78125
51.82879377431914,-1401.109130859375,-430685.25
52.8293496386882,-1436.8001708984375,-425464.03125
53.82990550305726,-1472.05517578125,-420134.34375
54.830461367426324,-1506.8609619140625,-414698.375
55.831017231795386,-1541.2059326171875,-409158.625
56.83157309616445,-1575.0882568359375,-403515.25
57.83212896053374,-1608.49560546875,-397770.46875
58.8326848249028,-1641.4163818359375,-391926.75
59.83324068927186,-1673.849365234375,-385984.3125
60.83379655364092,-1705.779296875,-379946.15625
61.834352418009985,-1737.205322265625,-373812.6875
62.834908282379274,-1768.1158447265625,-367586.0625
63.835464146748336,-1798.5,-361268.78125
64.83602001111717,-1828.3575439453125,-354861.15625
65.83657587548646,-1857.676513671875,-348365.3125
66.83713173985552,-1886.447509765625,-341783.9375
67.83768760422458,-1914.6689453125,-335117.125
68.83824346859365,-1942.3310546875,-328367.28125
69.83879933296271,-1969.423828125,-321536.90625
70.83935519733177,-1995.9471435546875,-314626.1875
71.83991106170106,-2021.88818359375,-307638.3125
72.84046692607012,-2047.245849609375,-300573.46875
73.84102279043918,-2072.011474609375,-293434.15625
74.84157865480825,-2096.17578125,-286222.84375
75.8421345191773,-2119.73876953125,-278939.6875
76.8426903835466,-2142.69189453125,-271587.1875
77.84324624791566,-2165.02587890625,-264167.9375
78.8438021122845,-2186.74169921875,-256681.921875
79.84435797665378,-2207.830322265625,-249131.75
80.84491384102284,-2228.284423828125,-241520.046875
81.8454697053919,-2248.103759765625,-233846.796875
82.84602556976097,-2267.2783203125,-226115.46875
83.84658143413003,-2285.80810546875,-218326.109375
84.84713729849909,-2303.6865234375,-210481.34375
85.84769316286838,-2320.905517578125,-202583.765625
86.84824902723744,-2337.467041015625,-194633.421875
87.8488048916065,-2353.362548828125,-186632.9375
88.84936075597557,-2368.588134765625,-178585.0
89.84991662034463,-2383.141845703125,-170489.578125
90.85047248471392,-2397.018798828125,-162349.390625
91.85102834908298,-2410.21337890625,-154167.046875
92.85158421345182,-2422.725341796875,-145942.59375
93.8521400778211,-2434.55078125,-137678.796875
94.85269594219017,-2445.683837890625,-129378.2734375
95.85325180655923,-2456.124267578125,-121041.0390625
96.85380767092852,-2465.867431640625,-112670.8125
97.85436353529735,-2474.91162109375,-104267.4921875
98.85491939966641,-2483.2548828125,-95833.875
99.8554752640357,-2490.891845703125,-87372.734375
100.85603112840477,-2497.823486328125,-78884.0546875
101.8565869927736,-2504.046630859375,-70370.640625
102.85714285714289,-2509.557861328125,-61835.28125
103.85769872151195,-2514.357421875,-53277.953125
104.85825458588101,-2518.44189453125,-44701.53125
105.8588104502503,-2521.811279296875,-36108.80078125
106.85936631461914,-2524.46337890625,-27499.779296875
107.85992217898843,-2526.39697265625,-18878.3125
108.86047804335749,-2527.61083984375,-10244.3486328125
109.86103390772655,-2528.104736328125,-1600.8028564453125
110.86158977209584,-2527.878173828125,7049.43798828125
111.86214563646467,-2526.929443359375,15706.2802734375
112.86270150083374,-2525.2587890625,24366.927734375
113.86325736520303,-2522.86572265625,33028.3984375
114.86381322957209,-2519.75048828125,41690.59375
115.86436909394092,-2515.913330078125,50350.625
116.86492495831021,-2511.354248046875,59005.546875
117.86548082267927,-2506.07373046875,67655.234375
118.86603668704834,-2500.072509765625,76295.75
119.86659255141763,-2493.35107421875,84926.9921875
120.86714841578646,-2485.91015625,93545.9765625
121.86770428015575,-2477.752197265625,102149.7265625
122.86826014452481,-2468.876708984375,110738.0
123.86881600889387,-2459.285400390625,119307.84375
124.86937187326316,-2448.98193359375,127856.171875
125.869927737632,-2437.96484375,136382.890625
126.87048360200106,-2426.23828125,144884.859375
127.87103946637035,-2413.80517578125,153359.015625
128.8715953307394,-2400.66552734375,161805.1875
129.87215119510824,-2386.824462890625,170219.359375
130.87270705947753,-2372.28125,178601.140625
131.8732629238466,-2357.04052734375,186947.546875
132.87381878821566,-2341.107666015625,195255.53125
133.87437465258495,-2324.481201171875,203524.578125
134.87493051695378,-2307.167724609375,211751.765625
135.87548638132307,-2289.171630859375,219933.953125
136.87604224569213,-2270.49365234375,228070.625
137.8765981100612,-2251.138427734375,236158.8125
138.87715397443048,-2231.114013671875,244195.328125
139.87770983879932,-2210.419189453125,252179.734375
140.87826570316838,-2189.060546875,260108.828125
141.87882156753767,-2167.045654296875,267979.65625
142.87937743190673,-2144.374755859375,275791.59375
143.87993329627557,-2121.057373046875,283540.6875
144.88048916064486,-2097.093994140625,291226.375
145.88104502501392,-2072.492919921875,298845.5
146.88160088938298,-2047.26123046875,306395.03125
147.88215675375227,-2021.4010009765625,313874.15625
148.8827126181211,-1994.9202880859375,321279.96875
149.88326848249017,-1967.827392578125,328609.28125
150.88382434685946,-1940.1243896484375,335861.4375
151.88438021122852,-1911.8194580078125,343033.28125
152.88493607559758,-1882.92333984375,350121.8125
153.88549193996664,-1853.436767578125,357126.21875
154.8860478043357,-1823.3729248046875,364042.75
155.886603668705,-1792.732666015625,370870.5
156.88715953307405,-1761.5267333984375,377606.46875
157.8877153974429,-1729.7667236328125,384247.65625
158.88827126181218,-1697.4534912109375,390793.25
159.88882712618124,-1664.598388671875,397240.1875
160.8893829905503,-1631.2138671875,403585.4375
161.8899388549196,-1597.3006591796875,409828.3125
162.89049471928843,-1562.871337890625,415965.5
163.8910505836575,-1527.938720703125,421994.4375
164.89160644802678,-1492.50390625,427913.96875
165.89216231239584,-1456.584228515625,433720.6875
166.8927181767649,-1420.18115234375,439413.5
167.89327404113396,-1383.30810546875,444989.65625
168.89382990550303,-1345.9794921875,450446.34375
169.89438576987231,-1308.196533203125,455782.4375
170.89494163424138,-1269.9737548828125,460995.40625
171.8954974986102,-1231.3260498046875,466082.1875
172.8960533629795,-1192.2548828125,471042.0625
173.89660922734856,-1152.7760009765625,475872.28125
174.89716509171762,-1112.9036865234375,480570.21875
175.8977209560869,-1072.64111328125,485134.625
176.89827682045575,-1032.0081787109375,489562.8125
177.8988326848248,-991.0072631835938,493853.46875
178.8993885491941,-949.654052734375,498004.03125
179.89994441356316,-907.9654541015625,502012.25
180.90050027793222,-865.9441528320312,505877.15625
181.9010561423013,-823.6065673828125,509596.125
182.90161200667035,-780.9696044921875,513167.03125
183.90216787103964,-738.0364990234375,516588.78125
184.9027237354087,-694.8244018554688,519859.1875
185.90327959977753,-651.350830078125,522976.15625
186.90383546414682,-607.618896484375,525938.4375
187.90439132851589,-563.646484375,528744.25
188.90494719288495,-519.4515991210938,531391.4375
189.90550305725424,-475.0377502441406,533879.0
190.90605892162307,-430.4281311035156,536204.9375
191.90661478599213,-385.62646484375,538368.125
192.90717065036142,-340.6513366699219,540366.75
193.90772651473048,-295.5213317871094,542199.3125
194.90828237909955,-250.24050903320312,543864.75
195.9088382434686,-204.82786560058594,545361.5625
196.90939410783767,-159.30259704589844,546688.1875
197.90994997220673,-113.668701171875,547844.0
198.91050583657602,-67.9457015991211,548827.1875
199.91106170094486,-22.152814865112305,549637.0
200.91161756531415,23.70523452758789,550272.3125
201.9121734296832,69.60391998291016,550732.1875
202.91272929405227,115.53860473632812,551015.625
203.91328515842156,161.48956298828125,551121.5625
204.9138410227904,207.43702697753906,551049.3125
205.91439688715946,253.37588500976562,550798.3125
206.91495275152874,299.2863464355469,550367.6875
207.9155086158978,345.1484680175781,549756.8125
208.91606448026687,390.9570007324219,548965.1875
209.91662034463593,436.69207763671875,547992.25
210.917176209005,482.3334655761719,546837.75
211.91773207337405,527.8759765625,545501.3125
212.91828793774334,573.2943115234375,543982.625
213.91884380211218,618.5835571289062,542281.5
214.91939966648147,663.7233276367188,540397.625
215.91995553085053,708.6936645507812,538331.5625
216.9205113952196,753.4886474609375,536082.625
217.92106725958888,798.0887451171875,533651.25
218.92162312395772,842.4737548828125,531038.0
219.92217898832678,886.637939453125,528242.4375
220.92273485269607,930.5615234375,525265.375
221.92329071706513,974.2244262695312,522107.40625
222.9238465814342,1017.6213989257812,518768.46875
223.92440244580325,1060.7275390625,515249.875
224.92495831017231,1103.537841796875,511551.53125
225.92551417454138,1146.0321044921875,507674.625
226.92607003891067,1188.1910400390625,503620.34375
227.9266259032795,1230.0091552734375,499388.75
228.9271817676488,1271.4669189453125,494981.375
229.92773763201785,1312.5458984375,490399.875
230.9282934963869,1353.2401123046875,485644.28125
231.9288493607562,1393.5299072265625,480716.5
232.92940522512504,1433.3978271484375,475618.25
233.9299610894941,1472.8380126953125,470350.03125
234.9305169538634,1511.8314208984375,464913.75
235.93107281823245,1550.36083984375,459311.84375
236.9316286826015,1588.420166015625,453544.59375
237.93218454697057,1625.9879150390625,447615.0625
238.93274041133964,1663.05859375,441523.78125
239.9332962757087,1699.6143798828125,435273.40625
240.933852140078,1735.638916015625,428866.625
241.93440800444682,1771.12646484375,422304.0625
242.93496386881588,1806.0606689453125,415588.53125
243.93551973318517,1840.4248046875,408723.28125
244.93607559755424,1874.2137451171875,401708.8125
245.9366314619233,1907.412109375,394548.59375
246.93718732629236,1940.0035400390625,387245.65625
247.93774319066142,1971.984130859375,379801.09375
248.9382990550307,2003.334228515625,372219.09375
249.93885491939977,2034.0501708984375,364500.78125
250.93941078376884,2064.11669921875,356649.53125
251.9399666481379,2093.52001953125,348669.375
252.94052251250696,2122.25634765625,340561.1875
253.94107837687602,2150.310791015625,332329.03125
254.9416342412453,2177.6708984375,323976.71875
255.94219010561415,2204.3330078125,315505.5625
256.9427459699832,2230.28369140625,306919.65625
257.9433018343525,2255.510986328125,298223.15625
258.94385769872156,2280.01123046875,289417.46875
259.9444135630906,2303.77001953125,280507.8125
260.9449694274597,2326.784912109375,271495.71875
261.94552529182874,2349.043701171875,262385.40625
262.94608115619803,2370.536376953125,253181.671875
263.9466370205671,2391.260986328125,243885.796875
264.94719288493616,2411.20654296875,234502.546875
265.9477487493052,2430.36376953125,225036.46875
266.9483046136743,2448.72998046875,215489.1875
267.94886047804334,2466.2978515625,205865.546875
268.94941634241263,2483.057861328125,196170.28125
269.9499722067817,2499.0087890625,186405.03125
270.95052807115053,2514.140625,176575.84375
271.9510839355198,2528.451904296875,166684.421875
272.9516397998889,2541.93603515625,156735.609375
273.95219566425794,2554.58740234375,146734.5
274.952751528627,2566.403564453125,136682.859375
275.95330739299607,2577.3798828125,126585.6484375
276.95386325736536,2587.51123046875,116447.9921875
277.9544191217344,2596.79736328125,106271.671875
278.9549749861035,2605.233154296875,96061.8046875
279.95553085047254,2612.8154296875,85823.484375
280.9560867148416,2619.5439453125,75558.5234375
281.95664257921067,2625.41552734375,65272.0546875
282.95719844357995,2630.42822265625,54969.265625
283.957754307949,2634.581298828125,44651.890625
284.95831017231785,2637.8740234375,34326.26171875
285.95886603668714,2640.3056640625,23994.11328125
286.9594219010562,2641.87548828125,13660.642578125
287.95997776542526,2642.58349609375,3330.9404296875
288.9605336297943,2642.4306640625,-6993.181640625
289.9610894941634,2641.41748046875,-17306.625
290.96164535853245,2639.54541015625,-27604.33984375
291.96220122290174,2636.81494140625,-37884.5703125
292.9627570872708,2633.22802734375,-48142.25
293.96331295163986,2628.787353515625,-58372.359375
294.9638688160089,2623.494873046875,-68573.25
295.964424680378,2617.353759765625,-78738.796875
296.9649805447473,2610.365478515625,-88867.4453125
297.96553640911634,2602.534423828125,-98954.21875
298.9660922734852,2593.86572265625,-108994.25
299.96664813785446,2584.3603515625,-118986.0
300.9672040022235,2574.024169921875,-128924.7109375
301.9677598665926,2562.863037109375,-138805.609375
302.96831573096165,2550.879150390625,-148627.28125
303.9688715953307,2538.078857421875,-158385.03125
304.9694274596998,2524.469482421875,-168074.203125
305.96998332406906,2510.053466796875,-177693.578125
306.9705391884381,2494.839599609375,-187237.484375
307.9710950528072,2478.83203125,-196704.703125
308.97165091717625,2462.03857421875,-206090.8125
309.9722067815453,2444.467529296875,-215391.546875
310.9727626459146,2426.123291015625,-224605.734375
311.97331851028366,2407.013671875,-233729.109375
312.9738743746525,2387.1494140625,-242757.59375
313.9744302390218,2366.53466796875,-251690.109375
314.97498610339085,2345.178955078125,-260522.828125
315.9755419677599,2323.093994140625,-269251.59375
316.97609783212897,2300.2822265625,-277875.59375
317.97665369649803,2276.759521484375,-286390.15625
318.9772095608671,2252.528076171875,-294794.3125
319.9777654252364,2227.6005859375,-303084.53125
320.97832128960545,2201.989990234375,-311257.28125
321.9788771539745,2175.699951171875,-319311.75
322.97943301834357,2148.74267578125,-327244.65625
323.97998888271263,2121.133056640625,-335052.65625
324.9805447470819,2092.873779296875,-342735.21875
325.981100611451,2063.97998046875,-350289.09375
326.9816564758198,2034.464599609375,-357711.25
327.9822123401891,2004.3331298828125,-365001.46875
328.98276820455817,1973.5987548828125,-372156.5625
329.98332406892723,1942.2769775390625,-379173.84375
330.9838799332963,1910.372314453125,-386052.96875
331.98443579766536,1877.9036865234375,-392790.59375
332.9849916620344,1844.8759765625,-399386.375
333.9855475264037,1811.3038330078125,-405838.03125
334.98610339077277,1777.203857421875,-412142.96875
335.9866592551416,1742.5802001953125,-418301.1875
336.9872151195109,1707.44970703125,-424310.53125
337.98777098387995,1671.828125,-430168.78125
338.988326848249,1635.72021484375,-435876.0
339.9888827126183,1599.1429443359375,-441430.28125
340.98943857698714,1562.113037109375,-446829.84375
341.98999444135643,1524.6353759765625,-452074.59375
342.9905503057255,1486.73095703125,-457162.34375
343.99110617009455,1448.40478515625,-462093.34375
344.9916620344636,1409.674072265625,-466866.15625
345.9922178988327,1370.55615234375,-471479.1875
346.99277376320174,1331.05615234375,-475932.75
347.99332962757103,1291.191162109375,-480225.65625
348.9938854919401,1250.9796142578125,-484356.78125
349.9944413563089,1210.4259033203125,-488326.4375
350.9949972206782,1169.5479736328125,-492133.59375
351.9955530850473,1128.3638916015625,-495777.5
352.99610894941634,1086.8782958984375,-499258.46875
353.9966648137856,1045.11376953125,-502575.5
354.99722067815446,1003.0748291015625,-505728.90625
355.99777654252375,960.7799072265625,-508718.0625
356.9983324068928,918.2471923828125,-511542.6875
357.9988882712619,875.4813842773438,-514203.34375
358.99944413563094,832.5003051757812,-516699.375
0.0,789.32275390625,-519030.9375
