theta,revolution,displacement,velocity,acceleration_method1,acceleration_method2
0.0,0.0,-0.0,0.0,-501477.2733437889,-489990.6591156875
1.0013908205841446,0.0027816411682892906,-0.0017460490683046338,41.84576437325462,-501411.2083692976,-489926.10739596625
2.0027816411682893,0.005563282336578581,-0.006983736216503444,83.67874662566177,-501213.02187119244,-489732.4604691835
3.004172461752434,0.008344923504867872,-0.015711681333119967,125.4861684793853,-500882.73913454753,-489409.74304124486
4.0055632823365785,0.011126564673157162,-0.027927584428017283,167.25525934166356,-500420.40233104024,-488957.9963178622
5.006954102920723,0.013908205841446452,-0.04362822592609745,208.9732601449762,-499826.070563743,-488377.2780483192
6.008344923504868,0.016689847009735744,-0.06280946707891773,250.6274271843649,-499099.819929765,-487667.66258667863
7.009735744089013,0.019471488178025034,-0.08546625049465634,292.2050359509586,-498241.74360066914,-486829.2409703574
8.011126564673157,0.022253129346314324,-0.11159260078700228,333.69338496075187,-497251.9519205739,-485862.121015981
9.012517385257302,0.025034770514603618,-0.1411816253436288,375.0797995776833,-496130.5725218296,-484766.4274324099
10.013908205841446,0.027816411682892905,-0.17422551521507879,416.35163583005846,-494877.7504581397,-483542.3019508127
11.015299026425591,0.030598052851182198,-0.21071554612496485,457.4962842193636,-493493.6483549714,-482189.9034716299
12.016689847009737,0.03337969401947149,-0.2506420796025625,498.5011735205048,-491978.44657708704,-480709.4082282696
13.01808066759388,0.036161335187760775,-0.2939945642389305,539.3537745725184,-490332.34341300465,-479101.00996734126
14.019471488178025,0.03894297635605007,-0.34076153706787243,580.0416040587805,-488555.55527617055,-477364.920145222
15.020862308762169,0.041724617524339355,-0.39093062507310367,620.5522282757512,-486648.31692261744,-475501.36814072775
16.022253129346314,0.04450625869262865,-0.44448854682318995,660.8732668892816,-484610.8816848498,-473510.60148364166
17.02364394993046,0.04728789986091794,-0.5014211142358341,700.9923966775075,-482443.5217216843,-471392.8860988321
18.025034770514605,0.050069541029207236,-0.5617132344732854,740.8973552593503,-480146.5282837524,-469148.5065656741
19.026425591098747,0.052851182197496516,-0.625348911970705,780.5759448076444,-477720.2119943475,-466777.7663924628
20.027816411682892,0.05563282336578581,-0.6923112505994529,820.0160357458993,-475164.9031452842,-464280.9883054958
21.029207232267037,0.0584144645340751,-0.7625824559673392,859.2055704277108,-472480.9520074109,-461658.5145524743
22.030598052851182,0.061196105702364396,-0.8361438378580246,898.1325667978175,-469668.7291554007,-458910.7072198538
23.031988873435328,0.06397774687065369,-0.912975812811815,936.7851220338127,-466728.6258064249,-456037.94856375956
24.033379694019473,0.06675938803894298,-0.9930579068502107,975.1514161674934,-463661.05417228525,-453040.64135405415
25.034770514603615,0.06954102920723226,-1.076368758346675,1013.2197156848506,-460466.4478245745,-449919.2092311336
26.03616133518776,0.07232267037552155,-1.1628861210461419,1050.978377103674,-457145.2620723993,-446674.0970749974
27.037552155771905,0.07510431154381085,-1.2525868672359144,1088.415850527761,-453697.9743521887,-443305.77138612943
28.03894297635605,0.07788595271210014,-1.3454469910706597,1125.520683176703,-450125.08462908666,-439814.72067769524
29.040333796940196,0.08066759388038944,-1.4414416120542919,1162.2815228902202,-446427.11580940714,-436201.45587855106
30.041724617524338,0.08344923504867871,-1.5405449786816163,1198.6871216060142,-442604.6141636112,-432466.51074653014
31.043115438108483,0.08623087621696801,-1.6427304722426903,1234.7263388101014,-438658.1497592408,-428610.44229146326
32.04450625869263,0.0890125173852573,-1.7479706107928967,1270.3881449585854,-434588.31690323085,-424633.8312073556
33.04589707927677,0.09179415855354658,-1.856237053291832,1305.6616248698242,-430395.7345929906,-420537.28231313854
34.04728789986092,0.09457579972183588,-1.9675006039141227,1340.5359810859466,-426081.046975637,-416321.4250013836
35.04867872044506,0.09735744089012517,-2.0817312165354007,1375.0005372026574,-421644.9238147297,-411986.9136943455
36.05006954102921,0.10013908205841447,-2.198897999396653,1409.0447411662888,-417088.0609638502,-407534.42830669443
37.05146036161335,0.10292072322670376,-2.3189692199502714,1442.6581685370288,-412411.18084633653,-402964.674714263
38.05285118219749,0.10570236439499303,-2.4419123098911313,1475.8305257172735,-407615.032940473,-398278.38522812055
39.05424200278164,0.10848400556328233,-2.567693870376066,1508.5516531440387,-402700.39426941087,-393476.31907327345
40.055632823365784,0.11126564673157162,-2.6962796774351725,1540.8115284443616,-397668.0698950775,-388559.26287126064
41.05702364394993,0.11404728789986092,-2.827634687578372,1572.6002695526406,-392518.89341531467,-383528.03112590424
42.058414464534074,0.1168289290681502,-2.961723043600681,1603.9081377888283,-387253.7274634637,-378383.46671145223
43.059805285118216,0.11961057023643949,-3.0985080805896907,1634.7255408964318,-381873.46420960105,-373126.44136233174
44.061196105702365,0.12239221140472879,-3.2379523321387342,1665.0430360392363,-376379.025862606,-367757.8561637181
45.06258692628651,0.12517385257301808,-3.3800175367692207,1694.8513327556984,-370771.36517223023,-362278.642042103
46.063977746870655,0.12795549374130738,-3.5246646445656777,1724.1412958699411,-365051.46593031206,-356689.7602550287
47.0653685674548,0.13073713490959665,-3.671853824026923,1752.9039483582899,-359220.34347027325,-350992.2028791434
48.066759388038946,0.13351877607788595,-3.8215444691369345,1781.130474170294,-353279.04516400973,-345186.9932957108
49.06815020862309,0.13630041724617525,-3.9736952066587783,1808.8122210031718,-347228.65091527737,-339275.18667269434
50.06954102920723,0.13908205841446453,-4.128263903655101,1835.940703028632,-341070.2736486575,-333257.870442522
51.07093184979138,0.14186369958275383,-4.285207675238578,1862.5076035710397,-334805.0597931717,-327136.16477462504
52.07232267037552,0.1446453407510431,-4.444482892555649,1888.5047777358502,-328434.1897596001,-320911.22304182174
53.07371349095967,0.1474269819193324,-4.606045191006919,1913.9242549873293,-321958.87841054786,-314584.2322796178
54.07510431154381,0.1502086230876217,-4.769849478707444,1938.7582416744847,-315380.37552228716,-308156.4136374686
55.07649513212795,0.15299026425591097,-4.935849945190171,1962.9991235042285,-308699.966237394,-301629.0228210491
56.0778859527121,0.15577190542420027,-5.104000070355615,1986.639467960742,-301918.9715071856,-295003.350524556
57.07927677329624,0.15855354659248957,-5.274252633670939,2009.6720266700515,-295038.74852295447,-288280.72285206494
58.08066759388039,0.16133518776077888,-5.446559723621361,2032.0897377088309,-288060.691134987,-281462.5017269508
59.082058414464534,0.16411682892906815,-5.620872747416844,2053.885727856456,-280986.2302583444,-274550.0852883741
60.083449235048676,0.16689847009735742,-5.797142440956905,2075.053314789345,-273816.8342643778,-267544.9082738281
61.084840055632824,0.16968011126564672,-5.9753188790562355,2095.586009216644,-266554.00935694075,-260448.44238673453
62.086230876216966,0.17246175243393602,-6.155351485933777,2115.47751695632,-259199.29993226068,-253262.19664807103
63.087621696801115,0.17524339360222532,-6.33718904596774,2134.7217409507507,-251754.28892142276,-245987.7177310113
64.08901251738526,0.1780250347705146,-6.520779714718977,2153.3127832209066,-244220.59811441845,-238626.5902775501
65.0904033379694,0.1808066759388039,-6.706071030224939,2171.2449467582533,-236599.8884647109,-231180.43719609323
66.09179415855354,0.18358831710709317,-6.893009924566328,2188.512737353496,-228893.86037326368,-223650.9199389798
67.09318497913769,0.18636995827538247,-7.081542735708495,2205.110865361347,-221104.25395098643,-216039.73875891702
68.09457579972184,0.18915159944367177,-7.271615219619286,2221.0342474004783,-213232.8492585482,-208348.63294330015
69.09596662030599,0.19193324061196107,-7.463172562665124,2236.278007987867,-205281.46652251616,-200579.3810254002
70.09735744089012,0.19471488178025034,-7.656159394286759,2250.8374811067615,-197251.966326778,-192733.8009714023
71.09874826147427,0.19749652294853964,-7.850519799956074,2264.708211707516,-189146.24977821868,-184813.75034228704
72.10013908205842,0.20027816411682894,-8.046197334415016,2277.885957140568,-180966.2586456248,-176821.12642955317
73.10152990264255,0.20305980528511822,-8.243135035197719,2290.3666885208627,-172713.9754708027,-168757.86636379076
74.1029207232267,0.20584144645340752,-8.441275436436525,2302.1465920230457,-164391.42365090447,-160625.94719512144
75.10431154381085,0.20862308762169682,-8.640560582952496,2313.2220701067977,-156000.66749097352,-152427.3859445401
76.10570236439499,0.21140472878998606,-8.840932044630774,2323.5897426716765,-147543.8122257307,-144164.23962520226
77.10709318497914,0.21418636995827536,-9.042330931080967,2333.246448140901,-139023.00400964016,-135838.6052327174
78.10848400556328,0.21696801112656466,-9.244697906582456,2342.189244473514,-130440.4298743137,-127452.61970352901
79.10987482614743,0.219749652294854,-9.447973205314348,2350.4154101044132,-121798.31765233004,-119008.45984047872
80.11126564673157,0.22253129346314324,-9.652096646869524,2357.9224448117548,-113098.93586656573,-110508.34220467228
81.11265646731572,0.22531293463143254,-9.85700765205207,2364.7080705112826,-104344.59358416029,-101954.52297278965
82.11404728789987,0.22809457579972184,-10.06264525895695,2370.7702319771624,-95537.64023426408,-93349.29775900739
83.115438108484,0.2308762169680111,-10.268948139330803,2376.107097488938,-86680.46538873842,-84695.00140072207
84.11682892906815,0.2336578581363004,-10.475854615212244,2380.717059404269,-77775.4985050127,-75994.00770729734
85.1182197496523,0.2364394993045897,-10.683302675849845,2384.598734657123,-68825.20863033287,-67248.72917108676
86.11961057023643,0.23922114047287898,-10.891229994895872,2387.750965181175,-59832.1040666636,-58461.61664001162
87.12100139082058,0.24200278164116829,-11.099573947873305,2390.1728182581573,-50798.73199554536,-49635.15895101077
88.12239221140473,0.24478442280945759,-11.308271629913577,2391.8635867909748,-41727.67806224569,-40771.882523717206
89.12378303198888,0.2475660639777469,-11.51725987376218,2392.82278950143,-32621.565918574383,-31874.350913745326
90.12517385257301,0.25034770514603616,-11.726475268048898,2393.0501710524427,-23483.05672378078,-22945.16432502044
91.12656467315716,0.25312934631432543,-11.935854175819191,2392.545702094669,-14314.848602989068,-13986.959080618863
92.12795549374131,0.25591098748261476,-12.145332753323002,2391.309579237518,-5119.676062672267,-5002.407051630886
93.12934631432545,0.25869262865090403,-12.354846969056869,2389.342224944535,4099.690637289437,4005.784956397637
94.1307371349096,0.2614742698191933,-12.56433262305503,2386.6442873532224,13340.446155372621,13034.875859842043
95.13212795549374,0.26425591098748263,-12.773725366424735,2383.216640019366,22599.750784350927,22082.090996540137
96.13351877607789,0.2670375521557719,-12.982960721120913,2379.0603815860145,31874.731211722104,31144.622868801292
97.13490959666203,0.2698191933240612,-13.191974099954797,2374.1768353772613,41162.48132487253,40219.63193012817
98.13630041724618,0.2726008344923505,-13.400700826830942,2368.5675489170485,50460.06306117838,49304.24741584589
99.13769123783032,0.2753824756606398,-13.609076157206728,2362.2342933732507,59764.50730318702,58395.56821777878
100.13908205841446,0.27816411682892905,-13.817035298768058,2355.179062927319,69072.8148189653,67490.66380305949
101.14047287899861,0.2809457579972184,-14.024513432314773,2347.4040740698297,78381.95724763953,76586.57517709462
102.14186369958276,0.28372739916550765,-14.231445732848874,2338.9117648223005,87688.87813009453,85680.31589065504
103.14325452016689,0.2865090403337969,-14.437767390858394,2329.7047938857054,96990.49398473727,94768.87309099855
104.14464534075104,0.2892906815020862,-14.643413633789427,2319.7860397161253,106283.69542816488,103849.20861686845
105.14603616133519,0.29207232267037553,-14.848319747698469,2309.158599528041,115565.34834051564,112918.26013715127
106.14742698191934,0.2948539638386648,-15.05242109907706,2297.8257882257976,124832.2950752155,121972.94233291381
107.14881780250347,0.2976356050069541,-15.25565315684016,2285.7911372638064,134081.35571276472,131010.14812247074
108.15020862308762,0.3004172461752434,-15.457951514469665,2273.058393436106,143309.3293581448,140026.7499290738
109.15159944367177,0.3031988873435327,-15.659251912303935,2259.6315175959157,152512.99548135532,149019.60099074294
110.1529902642559,0.30598052851182195,-15.859490259964021,2245.5146833058725,161689.1153005219,157985.53671169348
111.15438108484005,0.3087621696801113,-16.058602658907013,2230.712275419663,170834.433206951,166921.37605474913
112.1557719054242,0.31154381084840055,-16.25652542509649,2215.228888595806,179945.67823143004,175823.9229740556
113.15716272600834,0.3143254520166898,-16.453195111779962,2199.0693257443745,189019.5655510078,184689.96788734803
114.15855354659249,0.31710709318497915,-16.64854853236271,2182.238596407465,198052.7980354181,193516.28918695168
115.15994436717664,0.3198887343532684,-16.842522783367375,2164.741915074271,207042.06783223525,202299.65478862976
116.16133518776078,0.32267037552155775,-17.03505526746812,2146.5846994316466,215984.05798978443,211036.82371731973
117.16272600834492,0.325452016689847,-17.2260837165882,2127.7725685510495,224875.44411675763,219724.54772873456
118.16411682892907,0.3282336578581363,-17.41554621504928,2108.3113410128203,233712.89607741477,228359.57296573473
119.16550764951322,0.3310152990264256,-17.603381222760717,2088.2070329687517,242493.0797211794,236938.6416483062
120.16689847009735,0.33379694019471484,-17.78952759843689,2067.4658561439314,251212.65864537508,245458.49379592057
121.1682892906815,0.33657858136300417,-17.973924622830026,2046.094215778883,259868.2959897695,253915.86898097422
122.16968011126565,0.33936022253129344,-18.15651202196634,2024.0987085130344,268456.6562615368,262307.50811194896
123.17107093184978,0.3421418636995827,-18.337229990372556,2001.4861202105594,276974.4071891749,270630.1552448638
124.17246175243393,0.34492350486787204,-18.516019214280018,1978.263423729689,285418.2216038512,278880.5594215281
125.17385257301808,0.3477051460361613,-18.692820894793222,1954.437776636567,293784.7793465867,287055.47653303994
126.17524339360223,0.35048678720445064,-18.867576771009546,1930.0165188647713,302070.7691996265,295151.67120691796
127.17663421418636,0.3532684283727399,-19.040229143076694,1905.0071703216224,310272.8908402793,303165.918716187
128.1780250347705,0.3560500695410292,-19.210720895174248,1879.4174284424214,318387.8568154547,311095.0069086875
129.17941585535465,0.35883171070931846,-19.378995518405592,1853.2551656937621,326412.39453506743,318935.7381548195
130.1808066759388,0.3616133518776078,-19.544997133586328,1826.5284270270945,334343.2482824196,326684.93131187634
131.18219749652295,0.36439499304589706,-19.708670513915173,1799.2454272836926,342177.1812396236,334339.4237030738
132.18358831710708,0.36717663421418634,-19.86996110751327,1771.4145485522135,349910.97752607596,341896.0731093319
133.18497913769124,0.36995827538247567,-20.028815059817635,1743.0443374800377,357541.44424794,349351.7597718126
134.18636995827538,0.37273991655076494,-20.18517923581457,1714.1435025395776,365065.41355655424,356703.38840317965
135.1877607788595,0.3755215577190542,-20.339001242098668,1684.7209112507294,372479.74471364316,363947.89020550443
136.18915159944368,0.37830319888734354,-20.490229448742976,1654.7855873606966,379781.32616115443,371082.2248926922
137.1905424200278,0.3810848400556328,-20.638813010965983,1624.3467079823442,386967.0775935244,378103.38271528133
138.19193324061197,0.38386648122392214,-20.784701890581015,1593.413600692298,394033.9520301327,385008.3864854275
139.1933240611961,0.3866481223922114,-20.92784687721345,1561.9957405899706,400978.9378856727,391794.2935998509
140.19471488178024,0.3894297635605007,-21.068199609271584,1530.1027473187,407799.0610361453,398458.1980585066
141.1961057023644,0.39221140472879,-21.205712594656543,1497.7443820501828,414491.3868781538,404997.2324767117
142.19749652294854,0.3949930458970793,-21.340339231196996,1464.9305444333772,421053.0223791578,411408.57008843566
143.19888734353268,0.39777468706536856,-21.472033826794412,1431.671269509037,427481.1181163325,417689.42673845927
144.20027816411684,0.4005563282336579,-21.60075161926464,1397.976724591034,433772.87030165986,423837.062861079
145.20166898470097,0.40333796940194716,-21.726448795861643,1363.8572061156237,439925.5227908724,429848.78544303577
146.2030598052851,0.40611961057023643,-21.849082512469575,1329.3231364597737,445936.3690738685,435721.94996833854
147.20445062586927,0.40890125173852576,-21.968610912449122,1294.385060729691,451802.7542442109,441453.96234265016
148.2058414464534,0.41168289290681503,-22.084993145124542,1259.0536435206573,457522.07694532606,447042.2807949075
149.20723226703754,0.41446453407510425,-22.19818938389784,1223.339665649257,463091.79129102966,452484.41775385675
150.2086230876217,0.41724617524339364,-22.308160843976626,1187.2540208590924,468509.408758014,457777.94169719296
151.21001390820584,0.4200278164116829,-22.414869799702547,1150.807712501046,473772.5000479453,462920.4789710039
152.21140472878997,0.4228094575799721,-22.518279601467327,1114.0118501891297,478878.69691684586,467909.7155772495
153.21279554937414,0.4255910987482615,-22.618354692203646,1076.8776464329774,483825.693969448,472743.3989270153
154.21418636995827,0.4283727399165507,-22.71506062343835,1039.416413247968,488611.2504162459,477419.33955731854
155.2155771905424,0.43115438108484,-22.80836407089583,1001.6395587439978,493233.1917909961,481935.4128092669
156.21696801112657,0.4339360222531293,-22.89823284963954,963.558583693872,497689.4116264546,486289.5604654136
157.2183588317107,0.4367176634214186,-22.98463592874,925.1850780822826,501977.87308618106,490479.7923441833
158.21974965229487,0.439499304589708,-23.06754344545796,886.5307176363018,506096.6105502816,494504.1878492923
159.221140472879,0.4422809457579972,-23.14692671893163,847.6072603383427,510043.7311530095,498360.8974721308
160.22253129346313,0.4450625869262865,-23.22275826335733,808.4265429224581,513817.4162702012,502048.14424512687
161.2239221140473,0.4478442280945758,-23.295011800653114,769.0004773549011,517415.92295456846,505564.2251441639
162.22531293463143,0.4506258692628651,-23.363662272595487,729.3410472997913,520837.58531694143,508907.5124381848
163.22670375521557,0.45340751043115435,-23.428685852419505,689.4603045707433,524080.8158516118,512076.45498417696
164.22809457579973,0.4561891515994437,-23.490059955873072,649.3703655693008,527144.1067039913,515069.57946579537
165.22948539638386,0.45897079276773295,-23.547763251716574,609.0834077109874,530026.0308788777,517885.49157395156
166.230876216968,0.4617524339360222,-23.601775671659542,568.6116658397636,532725.2433876889,520522.8771277711
167.23226703755216,0.46453407510431155,-23.652078419726173,527.9674286316861,535240.4823331039,522980.5031343887
168.2336578581363,0.4673157162726008,-23.698653981042316,487.16303498854245,537570.5699296297,525257.218786139
169.23504867872043,0.4700973574408901,-23.741486130036765,446.21087042218414,539714.4134586956,527351.9563937751
170.2364394993046,0.4728789986091794,-23.780559938050168,405.1233634303274,541671.0061569646,529263.73225443
171.23783031988873,0.4756606397774687,-23.81586178034545,363.91298186453577,543439.428036634,530991.6474531309
172.23922114047286,0.47844228094575797,-23.847379342513943,322.59222929108114,545018.8466365967,532534.8885967524
173.24061196105703,0.4812239221140473,-23.87510162627207,281.17364134540213,546408.5177034183,533892.7284793968
174.24200278164116,0.48400556328233657,-23.899018954643818,239.66978208085015,547607.7858011886,535064.5266782755
175.24339360222532,0.4867872044506259,-23.919122976524694,198.09324031237264,548616.0848493971,536049.7300792654
176.24478442280946,0.48956884561891517,-23.935406670623582,156.45662595584434,549432.938588086,536847.8733314063
177.2461752433936,0.49235048678720444,-23.947864348778992,114.772566363671,550057.9609696286,537458.5792297055
178.24756606397776,0.4951321279554938,-23.956491658647305,73.05370265734909,550490.8564765889,537881.5590257175
179.2489568845619,0.49791376912378305,-23.96128558576051,31.31268605761403,550731.4203652168,538116.6126654614
180.25034770514603,0.5006954102920723,-23.962244454951882,-10.437825787171098,550779.5388342382,538163.6289543436
181.2517385257302,0.5034770514603616,-23.95936793114847,-52.185172473747066,550635.1891187044,538022.5856488596
182.25312934631432,0.5062586926286509,-23.952657019529546,-93.91669451716385,550298.4395087676,537693.5494749375
183.25452016689846,0.5090403337969401,-23.942114065051122,-135.6197370238369,549769.4492933592,537176.676072908
184.25591098748262,0.5118219749652295,-23.92774275133678,-177.28165336379476,549048.4686288468,536472.2098691685
185.25730180806676,0.5146036161335188,-23.909548098935733,-218.8898088414867,548135.8383328555,535580.4838747282
186.2586926286509,0.5173852573018081,-23.887536462949623,-260.43158436452114,547031.9896035417,534501.9194109112
187.26008344923505,0.5201668984700973,-23.861715530029958,-301.89438010965495,545737.4436647118,533237.0257626042
188.2614742698192,0.5229485396383866,-23.83209431474869,-343.26561918541,544252.8113372818,531786.3997595328
189.26286509040332,0.5257301808066759,-23.798683155344854,-384.5327512906535,542578.7925376755,530150.7252861478
190.2642559109875,0.5285118219749653,-23.761493708850875,-425.68325636846345,540716.1757038619,528330.7727208106
191.26564673157162,0.5312934631432545,-23.720538945602424,-466.70464825461164,538665.8371498275,526327.3983050514
192.26703755215578,0.5340751043115438,-23.67583314313637,-507.5844783199993,536428.7403493838,524141.54344378127
193.26842837273992,0.5368567454798331,-23.62739187948184,-548.3103391063072,534005.9351503009,521774.2339374267
194.26981919332405,0.5396383866481224,-23.575232025849807,-588.8698679542099,531398.5569198527,519226.57914704643
195.27121001390822,0.5424200278164117,-23.519371738727163,-629.2507506233917,528607.8256229575,516499.7710935874
196.27260083449235,0.545201668984701,-23.459830451381762,-669.4407249036532,525635.044834176,513595.0834925145
197.2739916550765,0.5479833101529903,-23.396628864785217,-709.4275842163678,522481.60068492795,510513.8707251411
198.27538247566065,0.5507649513212796,-23.329788937960824,-749.1991812055187,519148.9607473646,507257.5667480664
199.27677329624478,0.5535465924895688,-23.25933387776444,-788.7434313175334,515638.6728564193,503827.6839422091
200.27816411682892,0.5563282336578581,-23.1852881281064,-828.0483163691564,511952.3638716347,500225.8119029942
201.27955493741308,0.5591098748261475,-23.107677358623185,-867.1018881025146,508091.73838044365,496453.61617333716
202.28094575799722,0.5618915159944368,-23.026528452807863,-905.8922717265702,504058.57734464976,492512.83692112647
203.28233657858135,0.5646731571627259,-22.94186949560869,-944.407669444124,499854.73669192457,488405.2875629844
204.2837273991655,0.5674547983310153,-22.853729760505644,-982.6363639634936,495482.14585419936,484132.8533361368
205.28511821974965,0.5702364394993046,-22.762139696075273,-1020.566721993989,490942.80625489895,479697.48982029856
206.28650904033378,0.5730180806675939,-22.66713091205403,-1058.1871977243084,486238.78974701115,475101.22141151887
207.28789986091795,0.5757997218358832,-22.56873616491137,-1095.4863362829144,481372.2370040513,470346.13975000277
208.28929068150208,0.5785813630041724,-22.466989342943503,-1132.4527771794671,476345.3558660234,465434.40210395795
209.29068150208622,0.5813630041724617,-22.361925450899495,-1169.0752577263684,471160.41964252567,460368.22971156973
210.29207232267038,0.5841446453407511,-22.25358059415143,-1205.3426164394377,465819.76537519647,455149.9060832452
211.2934631432545,0.5869262865090403,-22.141991962420853,-1241.2437964167225,460325.79206172924,449781.7752663092
212.29485396383868,0.5897079276773296,-22.02719781307371,-1276.7678486944653,454680.958843716,444266.240074356
213.2962447844228,0.5924895688456189,-21.90923745399653,-1311.9039355791695,448887.78316061955,438605.7602835054
214.29763560500695,0.5952712100139081,-21.788151226066613,-1346.6413339547487,442948.8388721872,432802.8507978239
215.2990264255911,0.5980528511821975,-21.663980485229374,-1380.9694385636892,436866.7543516504,426860.079786201
216.30041724617524,0.6008344923504868,-21.536767584196067,-1414.8777652611457,430644.21055206587,420780.06679298135
217.30180806675938,0.6036161335187761,-21.40655585377534,-1448.3559542409137,424283.9390481678,414565.48082466924
218.30319888734354,0.6063977746870653,-21.273389583852353,-1481.3937732321265,417788.7200561151,408219.03841503523
219.30458970792768,0.6091794158553546,-21.137314004029122,-1513.9811206656052,411161.38043351274,401743.50167094776
220.3059805285118,0.6119610570236439,-20.998375263940073,-1546.1080288087085,404404.7916620952,395141.6763012648
221.30737134909597,0.6147426981919333,-20.856620413256888,-1577.7646668675477,397521.8678154561,388416.4096311127
222.3087621696801,0.6175243393602226,-20.71209738139675,-1608.9413440554083,390515.5635141961,381570.58860387345
223.31015299026424,0.6203059805285118,-20.56485495694819,-1639.628512626238,383388.87187085225,374607.1377731867
224.3115438108484,0.6230876216968011,-20.414942766828943,-1669.8167708720014,376144.82242696517,367529.01728726906
225.31293463143254,0.6258692628650904,-20.262411255190127,-1699.4968660827433,368786.47908460733,360339.2208678214
226.31432545201667,0.6286509040333796,-20.107311662081063,-1728.6596974681806,361316.9380346839,353040.77378578484
227.31571627260084,0.631432545201669,-19.949696001889347,-1757.2963190396229,353739.32568429277,345636.73083617375
228.31710709318497,0.6342141863699583,-19.789617041570462,-1785.3979424510276,346056.79658539465,338130.1743141918
229.31849791376914,0.6369958275382476,-19.627128278681326,-1812.9559397980208,338272.5313670138,330524.2119947969
230.31988873435327,0.6397774687065368,-19.46228391923241,-1839.9618463736547,330389.7346731645,322821.9751178601
231.3212795549374,0.6425591098748261,-19.295138855372393,-1866.4073633797445,322411.63310863724,315026.61638100544
232.32267037552157,0.6453407510431155,-19.125748642920087,-1892.2843605925607,314341.4731947648,307141.3079421991
233.3240611961057,0.6481223922114048,-18.954169478757528,-1917.58487898171,306182.5193372233,299169.23943410034
234.32545201668984,0.650904033379694,-18.780458178098602,-1942.30113328102,297938.0518078825,291113.615992138
235.326842837274,0.6536856745479833,-18.604672151647065,-1966.4255145102534,289611.3647426723,282977.65629823715
236.32823365785814,0.6564673157162726,-18.42686938265814,-1989.9505924464663,281205.7641573821,274764.5906420672
237.32962447844227,0.6592489568845619,-18.2471084039173,-2012.8691180438855,272724.5659832458,266477.6590016241
238.33101529902643,0.6620305980528512,-18.065448274649913,-2035.1740258011355,264171.0941241172,258120.10914490567
239.33240611961057,0.6648122392211404,-17.88194855737558,-2056.858436074683,255548.67853698574,249695.19475439552
240.3337969401947,0.6675938803894297,-17.696669294720028,-2077.9156573374016,246860.65333750527,241206.17357598466
241.33518776077887,0.6703755215577191,-17.509670986198255,-2098.3391883811214,238110.35493216995,232656.30559393181
242.336578581363,0.6731571627260083,-17.321014564981585,-2118.122720462111,229301.12017868756,224048.851233374
243.33796940194713,0.6759388038942976,-17.130761374661567,-2137.260139388406,220436.28457604584,215387.0695918502
244.3393602225313,0.6787204450625869,-16.938973146023372,-2155.7455275479456,211519.18048570366,206674.21670123754
245.34075104311543,0.6815020862308762,-16.74571197384099,-2173.573165876481,202553.13538526403,197913.54382142483
246.34214186369957,0.6842837273991654,-16.55104029370643,-2190.737535764288,193541.47015592188,189108.2957669868
247.34353268428373,0.6870653685674548,-16.355020858904762,-2207.233320900666,184487.49740490987,180261.70926805586
248.34492350486786,0.6898470097357441,-16.15771671734692,-2223.055409055299,175394.51982410235,171377.0113665229
249.34631432545203,0.6926286509040334,-15.959191188571344,-2238.198893795555,166265.82858585395,162457.41784861987
250.34770514603616,0.6954102920723226,-15.759507840825957,-2252.659076138817,157104.70177709244,153506.131714881
251.3490959666203,0.6981919332406119,-15.558730468241157,-2266.4314661389953,147914.4028726071,144526.34168840095
252.35048678720446,0.7009735744089013,-15.356923068104576,-2279.5117844063748,138698.1792484081,135521.22076224687
253.3518776077886,0.7037552155771906,-15.154149818247976,-2291.895963560001,129459.26073595886,126493.92478680664
254.35326842837273,0.7065368567454798,-14.950475054556199,-2303.5801496118397,120200.8582180113,117447.59109778731
255.3546592489569,0.7093184979137691,-14.74596324860807,-2314.560703281971,110926.1622667072,108385.33718551164
256.356050069541,0.7121001390820584,-14.540678985458815,-2324.834201244111,101638.34182454465,99310.25940609755
257.3574408901252,0.7148817802503478,-14.33468694157291,-2334.397437300813,92340.54292872049,90225.43173502036
258.3588317107093,0.7176634214186369,-14.128051862916582,-2343.2474234877054,83035.88747931906,81133.9045635168
259.36022253129346,0.7204450625869263,-13.920838543218217,-2351.381391106184,73727.47205171965,72038.70353819488
260.3616133518776,0.7232267037552156,-13.713111802405225,-2358.7967916840003,64418.36675355819,62942.82844417762
261.36300417246173,0.7260083449235049,-13.504936465225118,-2365.4912978632433,55111.61412648643,53849.25213201782
262.3643949930459,0.7287899860917941,-13.296377340058525,-2371.462804215226,45810.22809292337,44760.91948857511
263.36578581363005,0.7315716272600835,-13.087499197931539,-2376.7094279818507,36517.19294793047,35680.74645198235
264.36717663421416,0.7343532684283727,-12.87836675173431,-2381.2295097430597,27235.462396265557,26611.61907075677
265.3685674547983,0.7371349095966621,-12.669044635652593,-2385.0216140100106,17967.95863462409,17556.39260706271
266.3699582753825,0.7399165507649513,-12.459597384818807,-2388.084529743662,8717.571479014548,8517.890684075117
267.3713490959666,0.7426981919332405,-12.250089415188452,-2390.4172707985167,-512.8424628543595,-501.0955226763651
268.37273991655076,0.7454798331015299,-12.040585003647772,-2392.019076291257,-9720.460574341649,-9497.80805014564
269.3741307371349,0.7482614742698193,-11.831148268358135,-2392.889410894117,-18902.49496802212,-18469.522869010485
270.375521557719,0.7510431154381084,-11.621843149342245,-2393.0279650528178,-28056.193179495825,-27413.550561589946
271.3769123783032,0.7538247566063977,-11.412733389316918,-2392.4346551289755,-37178.83881719592,-36327.236956768
272.37830319888735,0.7566063977746871,-11.203882514777144,-2391.1096234669053,-46267.75216856556,-45207.96372228563
273.37969401947146,0.7593880389429762,-10.995353817335483,-2389.0532383848004,-55320.2907630452,-54053.14891483255
274.3810848400556,0.7621696801112656,-10.787210335320768,-2386.266094090305,-64333.84989234263,-62860.24748840018
275.3824756606398,0.764951321279555,-10.579514835639829,-2382.74901052053,-73305.86308850277,-71626.75176140103
276.38386648122395,0.7677329624478443,-10.372329795905417,-2378.503033106621,-82233.80256035108,-80350.19184311516
277.38525730180805,0.7705146036161334,-10.165717386833467,-2373.529432462993,-91115.17958890804,-89028.1360200473
278.3866481223922,0.7732962447844228,-9.959739454912402,-2367.8297040014386,-99947.54488242544,-97658.19110283109
279.3880389429764,0.7760778859527122,-9.754457505347048,-2361.4055674702972,-108728.48889171907,-106238.00273433865
280.3894297635605,0.7788595271210014,-9.549932685279217,-2354.258966418952,-117455.64208652357,-114765.25565970558
281.39082058414465,0.7816411682892906,-9.346225767286931,-2346.392067587942,-126126.6751936164,-123237.67395900031
282.3922114047288,0.78442280945758,-9.143397133164049,-2337.8072602250263,-134739.29939749147,-131653.0212433016
283.3936022253129,0.7872044506258692,-8.941506757981585,-2328.5071553275457,-143291.26650439692,-140009.10081497856
284.3949930458971,0.7899860917941586,-8.74061419443179,-2318.4945848115062,-151780.3690705811,-148303.75579299915
285.39638386648124,0.7927677329624478,-8.540778557456143,-2307.772600607799,-160204.4404956032,-156534.86920410368
286.39777468706535,0.7955493741307371,-8.342058509157633,-2296.3444736860474,-168561.35508160916,-164700.36404072284
287.3991655076495,0.7983310152990264,-8.144512243997879,-2284.213693006558,-176849.028059481,-172798.203286528
288.4005563282337,0.8011126564673158,-7.948197474279297,-2271.383964400944,-185065.41558278873,-180826.3899105217
289.4019471488178,0.8038942976356049,-7.753171415912181,-2257.8592093819566,-193208.5146905053,-188782.96683060686
290.40333796940195,0.8066759388038943,-7.5594907744664654,-2243.6435638831467,-201276.36323944887,-196666.01684757604
291.4047287899861,0.8094575799721836,-7.367211731507788,-2228.7413769289706,-209267.03980743315,-204473.66255048054
292.4061196105702,0.8122392211404729,-7.176389931217054,-2213.157209236009,-217178.6635681316,-212204.06619436078
293.4075104311544,0.8150208623087621,-6.98708046729267,-2196.8958317459656,-225009.39413866022,-219855.42955132038
294.40890125173854,0.8178025034770515,-6.799337870134446,-2179.9622240911767,-232757.43140089806,-227425.99373593924
295.41029207232265,0.8205841446453407,-6.61321609430789,-2162.361572993366,-240421.01529757638,-234914.03900603368
296.4116828929068,0.8233657858136301,-6.428768506287371,-2144.0992705963845,-247998.4256041749,-242317.8845397771
297.413073713491,0.8261474269819193,-6.246047872476771,-2125.1809127337615,-255487.98167765938,-249635.88819019316
298.4144645340751,0.8289290681502085,-6.065106347505695,-2105.6122971318428,-262888.04218311375,-256866.4462180497
299.41585535465924,0.8317107093184979,-5.885995462799374,-2085.3994215493512,-270197.00479931344,-264007.99300417583
300.4172461752434,0.8344923504867873,-5.708766115420333,-2064.548481854247,-277413.3059042847,-271059.0007422234
301.4186369958275,0.8372739916550764,-5.533468557179465,-2043.0658700387276,-284535.4202419082,-278017.97911290836
302.4200278164117,0.8400556328233658,-5.360152384014261,-2020.958172173265,-291561.86057061225,-284883.4749407491
303.42141863699584,0.8428372739916551,-5.1888665256318225,-1998.2321663006123,-298491.17729519756,-291654.07183432614
304.42280945757994,0.8456189151599443,-5.01965923541397,-1974.8948202706686,-305321.95808284526,-298328.38981108455
305.4242002781641,0.8484005563282336,-4.852578080581816,-1950.9532895171562,-312052.82746434043,-304905.08490769245
306.42559109874827,0.851182197496523,-4.687669932617118,-1926.4149147770836,-318682.4464215422,-311382.84877695993
307.4269819193324,0.8539638386648122,-4.524980957937368,-1901.2872197539232,-325209.51196213247,-317760.40827232826
308.42837273991654,0.8567454798331015,-4.364556608821801,-1875.577908725519,-331632.75668265304,-324036.5250209164
309.4297635605007,0.8595271210013908,-4.206441614585255,-1849.2948640977045,-337950.948320843,-330209.99498611165
310.4311543810848,0.86230876216968,-4.0506799729966785,-1822.4461439046204,-344162.8892982763,-336279.64802068425
311.432545201669,0.8650904033379694,-3.897314941939181,-1795.0399792567628,-350267.4162542871,-342244.34741138737
312.43393602225314,0.8678720445062587,-3.7463890313084183,-1767.084771737785,-356263.39957215416,-348102.9894159957
313.4353268428373,0.870653685674548,-3.597943995145885,-1738.589090751058,-362149.7428985174,-353854.5027937289
314.4367176634214,0.8734353268428372,-3.452020824003893,-1709.5616708170535,-367925.38265696866,-359497.8483299845
315.43810848400557,0.8762169680111266,-3.308659737538748,-1680.011408822572,-373589.2875567637,-365032.01835630304
316.43949930458973,0.878998609179416,-3.1679001773288267,-1649.9473612228885,-379140.4580975673,-370456.0362664571
317.44089012517384,0.8817802503477051,-3.0297807999139756,-1619.378741197835,-384577.9260711489,-375768.95602956094
318.442280945758,0.8845618915159944,-2.894339470052822,-1588.3149157629014,-389900.75406091905,-380969.86170107074
319.44367176634216,0.8873435326842838,-2.761613254194535,-1556.765402836409,-395108.0349401781,-386057.86693252507
320.44506258692627,0.890125173852573,-2.6316384141615305,-1524.739868263827,-400198.8913699428,-391032.1144808753
321.44645340751043,0.8929068150208623,-2.5044504010395428,-1492.2481228002628,-405172.475297192,-395891.77571822377
322.4478442280946,0.8956884561891516,-2.380083849271727,-1459.3001190522466,-410027.96745435486,-400636.0501427762
323.4492350486787,0.8984700973574409,-2.2585725709531608,-1425.9059483798248,-414764.57686085,-405264.1648917992
324.45062586926286,0.9012517385257302,-2.1399495503223185,-1392.0758377600512,-419381.5403274675,-409775.3742573531
325.452016689847,0.9040333796940195,-2.0242469384461566,-1357.8201466129588,-423878.1219643573,-414168.959205552
326.45340751043113,0.9068150208623087,-1.9114960480952317,-1323.1493635910372,-428253.6126933839,-418444.22690008744
327.4547983310153,0.9095966620305981,-1.801727348805543,-1288.0741033333068,-432507.32976557553,-422600.5102307297
328.45618915159946,0.9123783031988874,-1.6949704621237875,-1252.6051031850557,-436638.6162843791,-426637.16734750516
329.45757997218357,0.9151599443671766,-1.5912541570325816,-1216.7532198842755,-440646.8407354198,-430553.5812012248
330.45897079276773,0.9179415855354659,-1.490606345552459,-1180.5294262158604,-444531.39652343537,-434349.1590910257
331.4603616133519,0.9207232267037553,-1.393054078517446,-1143.944807634651,-448291.70151703863,-438023.3322195625
332.461752433936,0.9235048678720444,-1.2986235415209362,-1107.0105588583162,-451927.19760194473,-441575.5552564665
333.46314325452016,0.9262865090403338,-1.207340051028872,-1069.7379804311806,-455437.3502432744,-445005.3059106755
334.4645340751043,0.9290681502086231,-1.1192280506571197,-1032.1384752600002,-458821.6480575258,-448312.0845122096
335.46592489568843,0.9318497913769123,-1.0343111076100615,-994.2235451227398,-462079.60239479016,-451495.4136039559
336.4673157162726,0.9346314325452016,-0.9526119092774977,-956.0047871513752,-465210.74693176226,-454554.83754400274
337.46870653685676,0.937413073713491,-0.8741522599870749,-917.4938902897811,-468214.6372760744,-457489.9221190355
338.47009735744086,0.9401947148817802,-0.7989530779093942,-878.7026317276881,-471090.85058246995,-460300.2541693016
339.471488178025,0.9429763560500695,-0.7270343921131939,-839.6428733117552,-473838.9851813046,-462985.4412256218
340.4728789986092,0.9457579972183588,-0.658415339768024,-800.3265579347831,-476458.66021984123,-465545.1111589023
341.4742698191933,0.948539638386648,-0.5931141634918582,-760.7657059040525,-478949.51531679474,-467978.9118425898
342.47566063977746,0.9513212795549374,-0.5311482088412813,-720.9724112898102,-481311.2102305498,-470286.51082849165
343.4770514603616,0.9541029207232268,-0.4725339219419631,-680.9588382549224,-483543.4245414588,-472467.5950363496
344.4784422809457,0.9568845618915159,-0.4172868472571233,-640.7372173666504,-485645.85734861175,-474521.8704575552
345.4798331015299,0.9596662030598052,-0.3654216254919772,-600.319841891588,-487618.22698143905,-476449.06187335897
346.48122392211405,0.9624478442280946,-0.3169519916320809,-559.7190640747292,-489460.27072649606,-478248.912587913
347.48261474269816,0.9652294853963838,-0.27189077311370874,-518.9472914036434,-491171.7445697538,-479921.18417646457
348.4840055632823,0.9680111265646731,-0.23024988812444008,-478.01698285874676,-492752.42295470077,-481465.65624899865
349.4853963838665,0.9707927677329624,-0.19204034403232093,-436.94064515066776,-494202.0985565368,-482882.1262296046
350.48678720445065,0.9735744089012518,-0.15727223594197248,-395.73082894564016,-495520.5820727294,-484170.40915182896
351.48817802503476,0.976356050069541,-0.12595474537621415,-354.40012507992674,-496707.70203016786,-485330.3374702471
352.4895688456189,0.9791376912378303,-0.09809613908186526,-312.96116076421595,-497763.3046091427,-486361.76088847546
353.4909596662031,0.9819193324061197,-0.07370376795848915,-271.42659577898735,-498687.2534843514,-487264.5462038179
354.4923504867872,0.9847009735744089,-0.052784066108971524,-229.80911866176777,-499479.4296831124,-488038.57716872764
355.49374130737135,0.9874826147426982,-0.035342550010942886,-188.1214428872547,-500139.7314609496,-488683.7543692424
356.4951321279555,0.9902642559109875,-0.021383817808200974,-146.37630304128322,-500668.07419468643,-489199.99512052623
357.4965229485396,0.9930458970792767,-0.010911548721353687,-104.58645098954071,-501064.390293175,-489587.23337964364
358.4979137691238,0.9958275382475661,-0.00392850257709182,-62.76465204203141,-501328.6291257566,-489845.4196756591
359.49930458970795,0.9986091794158554,-0.00043651945557661735,-20.92368111421784,-501460.7569685373,-489974.52105714346
360.50069541029205,1.0013908205841446,-0.00043651945557661735,20.923681114216663,-501460.7569685373,-489974.52105714346
361.5020862308762,1.004172461752434,-0.00392850257709182,62.76465204203022,-501328.6291257566,-489845.4196756591
362.5034770514604,1.0069541029207232,-0.010911548721353687,104.58645098953956,-501064.390293175,-489587.23337964364
363.5048678720445,1.0097357440890125,-0.021383817808200974,146.37630304128206,-500668.07419468643,-489199.99512052623
364.50625869262865,1.0125173852573017,-0.035342550010944156,188.12144288725563,-500139.7314609496,-488683.75436924235
365.5076495132128,1.0152990264255912,-0.052784066108972794,229.8091186617687,-499479.4296831123,-488038.57716872764
366.5090403337969,1.0180806675938803,-0.07370376795849043,271.42659577898826,-498687.2534843513,-487264.5462038179
367.5104311543811,1.0208623087621698,-0.09809613908186526,312.96116076421686,-497763.3046091427,-486361.76088847546
368.51182197496524,1.023643949930459,-0.12595474537621415,354.4001250799277,-496707.70203016786,-485330.3374702471
369.51321279554935,1.026425591098748,-0.1572722359419712,395.73082894563896,-495520.5820727295,-484170.40915182896
370.5146036161335,1.0292072322670376,-0.19204034403231965,436.94064515066657,-494202.09855653683,-482882.12622960465
371.5159944367177,1.0319888734353269,-0.23024988812443883,478.01698285874556,-492752.4229547008,-481465.6562489987
372.5173852573018,1.0347705146036161,-0.27189077311370496,518.9472914036401,-491171.74456975405,-479921.1841764646
373.51877607788595,1.0375521557719054,-0.31695199163207965,559.7190640747281,-489460.2707264961,-478248.91258791304
374.5201668984701,1.0403337969401947,-0.36542162549197593,600.3198418915869,-487618.2269814391,-476449.0618733591
375.5215577190542,1.043115438108484,-0.4172868472571195,640.7372173666471,-485645.8573486118,-474521.87045755534
376.5229485396384,1.0458970792767732,-0.4725339219419606,680.9588382549214,-483543.4245414588,-472467.5950363498
377.52433936022254,1.0486787204450627,-0.5311482088412826,720.9724112898111,-481311.21023054974,-470286.51082849165
378.52573018080665,1.0514603616133518,-0.5931141634918556,760.7657059040514,-478949.5153167948,-467978.9118425899
379.5271210013908,1.054242002781641,-0.6584153397680252,800.3265579347838,-476458.6602198411,-465545.1111589023
380.528511821975,1.0570236439499305,-0.7270343921131963,839.6428733117561,-473838.98518130445,-462985.4412256217
381.5299026425591,1.0598052851182196,-0.7989530779093879,878.702631727685,-471090.8505824703,-460300.2541693018
382.53129346314324,1.062586926286509,-0.8741522599870724,917.49389028978,-468214.6372760745,-457489.92211903556
383.5326842837274,1.0653685674547984,-0.9526119092774965,956.0047871513742,-465210.7469317624,-454554.83754400286
384.53407510431157,1.0681502086230876,-1.0343111076100588,994.2235451227386,-462079.6023947902,-451495.41360395594
385.5354659248957,1.070931849791377,-1.119228050657117,1032.1384752599993,-458821.6480575259,-448312.08451220964
386.53685674547984,1.0737134909596662,-1.2073400510288694,1069.7379804311795,-455437.35024327453,-445005.30591067567
387.538247566064,1.0764951321279557,-1.2986235415209335,1107.0105588583156,-451927.19760194485,-441575.5552564667
388.5396383866481,1.0792767732962447,-1.3930540785174421,1143.9448076346498,-448291.7015170388,-438023.33221956255
389.54102920723227,1.082058414464534,-1.49060634555246,1180.5294262158613,-444531.39652343537,-434349.15909102565
390.54242002781643,1.0848400556328235,-1.591254157032584,1216.7532198842764,-440646.8407354198,-430553.58120122476
391.54381084840054,1.0876216968011125,-1.6949704621237889,1252.6051031850564,-436638.6162843791,-426637.1673475051
392.5452016689847,1.090403337969402,-1.8017273488055454,1288.0741033333074,-432507.32976557536,-422600.51023072965
393.54659248956887,1.0931849791376913,-1.911496048095234,1323.149363591038,-428253.6126933837,-418444.22690008726
394.547983310153,1.0959666203059806,-2.024246938446154,1357.8201466129578,-423878.1219643574,-414168.9592055521
395.54937413073714,1.0987482614742698,-2.139949550322316,1392.0758377600505,-419381.54032746755,-409775.37425735325
396.5507649513213,1.1015299026425591,-2.2585725709531568,1425.9059483798237,-414764.57686085015,-405264.1648917994
397.5521557719054,1.1043115438108484,-2.380083849271723,1459.3001190522455,-410027.967454355,-400636.0501427764
398.55354659248957,1.1070931849791377,-2.5044504010395388,1492.2481228002619,-405172.47529719217,-395891.77571822394
399.55493741307373,1.109874826147427,-2.6316384141615266,1524.7398682638263,-400198.891369943,-391032.11448087543
400.55632823365784,1.1126564673157162,-2.761613254194531,1556.7654028364082,-395108.03494017833,-386057.86693252524
401.557719054242,1.1154381084840055,-2.894339470052818,1588.3149157629005,-389900.7540609192,-380969.86170107085
402.55910987482616,1.118219749652295,-3.0297807999139783,1619.378741197836,-384577.9260711488,-375768.95602956077
403.56050069541027,1.121001390820584,-3.1679001773288293,1649.9473612228892,-379140.45809756714,-370456.03626645706
404.56189151599443,1.1237830319888735,-3.30865973753875,1680.011408822573,-373589.2875567636,-365032.0183563029
405.5632823365786,1.1265646731571628,-3.452020824003897,1709.5616708170537,-367925.3826569685,-359497.8483299844
406.5646731571627,1.1293463143254518,-3.597943995145881,1738.5890907510568,-362149.74289851746,-353854.5027937291
407.56606397774686,1.1321279554937413,-3.7463890313084143,1767.0847717377844,-356263.39957215433,-348102.9894159959
408.567454798331,1.1349095966620306,-3.8973149419391775,1795.039979256762,-350267.4162542872,-342244.3474113876
409.56884561891513,1.13769123783032,-4.050679972996667,1822.4461439046183,-344162.88929827674,-336279.6480206847
410.5702364394993,1.1404728789986092,-4.206441614585251,1849.2948640977036,-337950.9483208431,-330209.9949861119
411.57162726008346,1.1432545201668984,-4.364556608821798,1875.5779087255182,-331632.7566826532,-324036.5250209166
412.57301808066757,1.1460361613351877,-4.524980957937356,1901.287219753921,-325209.511962133,-317760.4082723288
413.57440890125173,1.148817802503477,-4.687669932617115,1926.414914777083,-318682.4464215424,-311382.8487769601
414.5757997218359,1.1515994436717665,-4.85257808058182,1950.9532895171567,-312052.82746434025,-304905.0849076923
415.57719054242,1.1543810848400555,-5.019659235413965,1974.8948202706679,-305321.9580828455,-298328.3898110848
416.57858136300416,1.1571627260083448,-5.188866525631826,1998.2321663006126,-298491.17729519744,-291654.07183432597
417.5799721835883,1.1599443671766343,-5.360152384014265,2020.9581721732652,-291561.86057061213,-284883.474940749
418.58136300417243,1.1627260083449233,-5.533468557179452,2043.0658700387255,-284535.42024190875,-278017.9791129089
419.5827538247566,1.1655076495132128,-5.708766115420327,2064.5484818542463,-277413.3059042848,-271059.00074222364
420.58414464534076,1.1682892906815021,-5.885995462799369,2085.3994215493503,-270197.00479931367,-264007.99300417607
421.5855354659249,1.1710709318497914,-6.06510634750569,2105.6122971318423,-262888.042183114,-256866.4462180499
422.586926286509,1.1738525730180807,-6.246047872476765,2125.180912733761,-255487.98167765953,-249635.88819019328
423.5883171070932,1.17663421418637,-6.428768506287365,2144.099270596383,-247998.42560417508,-242317.88453977712
424.58970792767735,1.1794158553546592,-6.613216094307885,2162.361572993365,-240421.0152975766,-234914.0390060339
425.59109874826146,1.1821974965229485,-6.7993378701344405,2179.9622240911763,-232757.43140089826,-227425.99373593947
426.5924895688456,1.1849791376912377,-6.987080467292666,2196.895831745965,-225009.3941386604,-219855.42955132062
427.5938803894298,1.1877607788595272,-7.1763899312170585,2213.1572092360093,-217178.6635681314,-212204.0661943606
428.5952712100139,1.1905424200278163,-7.367211731507791,2228.7413769289706,-209267.0398074329,-204473.6625504803
429.59666203059805,1.1933240611961058,-7.559490774466471,2243.6435638831467,-201276.36323944866,-196666.01684757584
430.5980528511822,1.196105702364395,-7.7531714159121865,2257.8592093819566,-193208.5146905051,-188782.96683060666
431.5994436717663,1.1988873435326843,-7.948197474279292,2271.383964400943,-185065.41558278896,-180826.38991052198
432.6008344923505,1.2016689847009736,-8.144512243997873,2284.213693006558,-176849.02805948124,-172798.20328652824
433.60222531293465,1.2044506258692629,-8.342058509157628,2296.344473686047,-168561.35508160942,-164700.3640407231
434.60361613351876,1.2072322670375522,-8.540778557456136,2307.772600607799,-160204.44049560343,-156534.86920410395
435.6050069541029,1.2100139082058414,-8.740614194431785,2318.4945848115062,-151780.36907058134,-148303.75579299938
436.6063977746871,1.2127955493741307,-8.94150675798158,2328.5071553275457,-143291.26650439718,-140009.10081497877
437.6077885952712,1.21557719054242,-9.143397133164044,2337.807260225026,-134739.29939749173,-131653.02124330183
438.60917941585535,1.2183588317107092,-9.346225767286926,2346.3920675879417,-126126.67519361665,-123237.67395900055
439.6105702364395,1.2211404728789987,-9.54993268527922,2354.2589664189522,-117455.64208652338,-114765.2556597054
440.6119610570236,1.2239221140472878,-9.754457505347052,2361.4055674702977,-108728.48889171888,-106238.00273433844
441.6133518776078,1.2267037552155773,-9.959739454912407,2367.8297040014386,-99947.54488242525,-97658.1911028309
442.61474269819195,1.2294853963838666,-10.165717386833471,2373.529432462993,-91115.17958890783,-89028.13602004711
443.61613351877605,1.2322670375521556,-10.372329795905411,2378.503033106621,-82233.80256035134,-80350.1918431154
444.6175243393602,1.235048678720445,-10.579514835639824,2382.74901052053,-73305.86308850301,-71626.75176140128
445.6189151599444,1.2378303198887344,-10.787210335320761,2386.2660940903047,-64333.84989234286,-62860.247488400375
446.6203059805285,1.2406119610570236,-10.995353817335467,2389.0532383848004,-55320.29076304592,-54053.148914833226
447.62169680111265,1.243393602225313,-11.203882514777138,2391.1096234669053,-46267.752168565814,-45207.96372228589
448.6230876216968,1.2461752433936022,-11.41273338931691,2392.4346551289755,-37178.838817196185,-36327.236956768254
449.6244784422809,1.2489568845618915,-11.62184314934223,2393.0279650528178,-28056.19317949655,-27413.55056159066
450.6258692628651,1.2517385257301807,-11.83114826835813,2392.889410894117,-18902.49496802238,-18469.522869010736
451.62726008344924,1.25452016689847,-12.040585003647767,2392.019076291257,-9720.460574341905,-9497.808050145894
452.62865090403335,1.2573018080667593,-12.250089415188446,2390.4172707985167,-512.8424628546127,-501.09552267661513
453.6300417246175,1.2600834492350486,-12.459597384818812,2388.084529743662,8717.571479014763,8517.890684075326
454.6314325452017,1.262865090403338,-12.669044635652599,2385.0216140100106,17967.958634624305,17556.392607062917
455.6328233657858,1.265646731571627,-12.878366751734294,2381.229509743061,27235.462396264826,26611.619070756053
456.63421418636995,1.2684283727399166,-13.087499197931534,2376.7094279818507,36517.1929479302,35680.74645198208
457.6356050069541,1.2712100139082059,-13.29637734005852,2371.462804215226,45810.22809292312,44760.91948857486
458.63699582753827,1.2739916550764951,-13.504936465225121,2365.491297863243,55111.61412648664,53849.25213201802
459.6383866481224,1.2767732962447844,-13.713111802405226,2358.7967916840003,64418.36675355841,62942.82844417783
460.63977746870654,1.2795549374130737,-13.920838543218212,2351.3813911061843,73727.4720517194,72038.70353819465
461.6411682892907,1.282336578581363,-14.128051862916589,2343.247423487706,83035.88747931928,81133.90456351703
462.6425591098748,1.2851182197496522,-14.334686941572894,2334.3974373008145,92340.54292871975,90225.43173501967
463.643949930459,1.2878998609179415,-14.54067898545881,2324.8342012441112,101638.34182454438,99310.25940609729
464.64534075104314,1.290681502086231,-14.745963248608064,2314.560703281971,110926.1622667069,108385.33718551135
465.64673157162724,1.29346314325452,-14.950475054556183,2303.5801496118406,120200.85821801056,117447.59109778662
466.6481223922114,1.2962447844228095,-15.154149818247983,2291.895963560001,129459.26073595909,126493.9247868069
467.64951321279557,1.2990264255910988,-15.356923068104571,2279.5117844063748,138698.17924840786,135521.22076224664
468.6509040333797,1.301808066759388,-15.55873046824114,2266.4314661389963,147914.40287260638,144526.34168840025
469.65229485396384,1.3045897079276774,-15.759507840825963,2252.6590761388165,157104.70177709268,153506.1317148812
470.653685674548,1.3073713490959666,-15.95919118857135,2238.198893795555,166265.82858585418,162457.41784862007
471.6550764951321,1.310152990264256,-16.15771671734691,2223.0554090552996,175394.5198241021,171377.01136652264
472.65646731571627,1.3129346314325452,-16.35502085890477,2207.2333209006656,184487.49740491007,180261.70926805606
473.65785813630043,1.3157162726008345,-16.55104029370642,2190.737535764289,193541.47015592162,189108.29576698653
474.65924895688454,1.3184979137691237,-16.745711973840987,2173.573165876482,202553.1353852638,197913.54382142457
475.6606397774687,1.321279554937413,-16.938973146023358,2155.7455275479465,211519.1804857029,206674.2167012369
476.66203059805287,1.3240611961057025,-17.130761374661564,2137.260139388407,220436.2845760456,215387.06959185
477.663421418637,1.3268428372739915,-17.32101456498158,2118.1227204621114,229301.12017868733,224048.85123337372
478.66481223922113,1.3296244784422808,-17.509670986198252,2098.339188381122,238110.35493216972,232656.30559393164
479.6662030598053,1.3324061196105703,-17.69666929472003,2077.915657337401,246860.6533375054,241206.1735759848
480.6675938803894,1.3351877607788594,-17.881948557375573,2056.8584360746836,255548.67853698548,249695.19475439517
481.66898470097357,1.3379694019471489,-18.065448274649906,2035.174025801136,264171.094124117,258120.10914490535
482.67037552155773,1.3407510431154381,-18.247108403917302,2012.8691180438852,272724.56598324596,266477.65900162427
483.67176634214184,1.3435326842837274,-18.426869382658147,1989.950592446466,281205.76415738225,274764.5906420674
484.673157162726,1.3463143254520167,-18.60467215164706,1966.4255145102538,289611.36474267207,282977.6562982368
485.67454798331016,1.349095966620306,-18.78045817809861,1942.3011332810192,297938.05180788273,291113.61599213816
486.67593880389427,1.3518776077885952,-18.954169478757514,1917.5848789817119,306182.5193372227,299169.23943409976
487.67732962447843,1.3546592489568845,-19.12574864292008,1892.2843605925611,314341.47319476464,307141.30794219894
488.6787204450626,1.3574408901251738,-19.295138855372382,1866.4073633797468,322411.6331086367,315026.61638100486
489.6801112656467,1.360222531293463,-19.462283919232394,1839.961846373657,330389.7346731639,322821.97511785955
490.68150208623086,1.3630041724617523,-19.62712827868133,1812.9559397980202,338272.53136701405,330524.21199479705
491.682892906815,1.3657858136300418,-19.78961704157045,1785.3979424510283,346056.79658539424,338130.1743141913
492.68428372739913,1.3685674547983309,-19.949696001889343,1757.296319039625,353739.32568429236,345636.7308361732
493.6856745479833,1.3713490959666204,-20.107311662081063,1728.6596974681806,361316.9380346839,353040.77378578484
494.68706536856746,1.3741307371349096,-20.262411255190123,1699.496866082744,368786.4790846071,360339.22086782125
495.6884561891516,1.376912378303199,-20.41494276682895,1669.816770872,376144.8224269657,367529.0172872694
496.68984700973573,1.3796940194714882,-20.56485495694819,1639.628512626238,383388.87187085225,374607.1377731867
497.6912378303199,1.3824756606397774,-20.712097381396745,1608.9413440554092,390515.56351419585,381570.5886038733
498.69262865090406,1.3852573018080667,-20.8566204132569,1577.7646668675454,397521.86781545676,388416.4096311132
499.69401947148816,1.388038942976356,-20.998375263940062,1546.1080288087114,404404.7916620947,395141.6763012642
500.6954102920723,1.3908205841446453,-21.137314004029122,1513.9811206656057,411161.3804335126,401743.5016709477
501.6968011126565,1.3936022253129348,-21.27338958385235,1481.3937732321274,417788.72005611495,408219.038415035
502.6981919332406,1.3963838664812238,-21.40655585377533,1448.3559542409162,424283.9390481674,414565.48082466883
503.69958275382476,1.3991655076495133,-21.536767584196067,1414.8777652611457,430644.21055206575,420780.06679298135
504.7009735744089,1.4019471488178026,-21.663980485229374,1380.9694385636892,436866.7543516504,426860.079786201
505.702364394993,1.4047287899860916,-21.78815122606661,1346.6413339547507,442948.8388721869,432802.8507978237
506.7037552155772,1.4075104311543811,-21.909237453996536,1311.9039355791688,448887.78316061967,438605.76028350554
507.70514603616135,1.4102920723226704,-22.02719781307371,1276.7678486944653,454680.95884371584,444266.24007435597
508.70653685674546,1.4130737134909597,-22.141991962420846,1241.2437964167245,460325.79206172895,449781.775266309
509.7079276773296,1.415855354659249,-22.253580594151433,1205.3426164394373,465819.7653751965,455149.90608324535
510.7093184979138,1.4186369958275382,-22.361925450899495,1169.0752577263695,471160.4196425255,460368.2297115697
511.7107093184979,1.4214186369958275,-22.466989342943503,1132.452777179468,476345.3558660232,465434.4021039579
512.712100139082,1.4242002781641168,-22.568736164911364,1095.4863362829162,481372.23700405104,470346.1397500024
513.7134909596662,1.426981919332406,-22.66713091205402,1058.187197724312,486238.7897470106,475101.2214115183
514.7148817802504,1.4297635605006955,-22.762139696075273,1020.5667219939899,490942.8062548987,479697.4898202984
515.7162726008345,1.4325452016689846,-22.853729760505644,982.6363639634959,495482.14585419913,484132.8533361366
516.7176634214186,1.4353268428372739,-22.94186949560868,944.4076694441279,499854.7366919242,488405.287562984
517.7190542420028,1.4381084840055633,-23.026528452807863,905.8922717265702,504058.57734464976,492512.83692112647
518.7204450625869,1.4408901251738526,-23.107677358623185,867.1018881025158,508091.7383804435,496453.6161733371
519.721835883171,1.4436717663421417,-23.185288128106393,828.0483163691595,511952.3638716344,500225.81190299394
520.7232267037552,1.4464534075104312,-23.25933387776444,788.7434313175335,515638.6728564193,503827.6839422091
521.7246175243394,1.4492350486787204,-23.329788937960824,749.1991812055196,519148.96074736456,507257.5667480664
522.7260083449235,1.4520166898470097,-23.396628864785214,709.427584216371,522481.6006849277,510513.87072514097
523.7273991655077,1.4547983310152992,-23.459830451381762,669.4407249036523,525635.044834176,513595.0834925146
524.7287899860918,1.4575799721835883,-23.519371738727163,629.2507506233918,528607.8256229575,516499.7710935874
525.7301808066759,1.4603616133518775,-23.575232025849804,588.8698679542122,531398.5569198526,519226.5791470464
526.7315716272601,1.463143254520167,-23.627391879481845,548.3103391063064,534005.935150301,521774.2339374268
527.7329624478442,1.465924895688456,-23.67583314313637,507.58447831999933,536428.7403493838,524141.54344378127
528.7343532684283,1.4687065368567453,-23.72053894560242,466.70464825461397,538665.8371498274,526327.3983050514
529.7357440890125,1.4714881780250348,-23.761493708850875,425.68325636846146,540716.175703862,528330.7727208108
530.7371349095966,1.4742698191933241,-23.798683155344854,384.5327512906536,542578.7925376755,530150.7252861478
531.7385257301808,1.4770514603616132,-23.83209431474869,343.26561918541114,544252.8113372818,531786.3997595328
532.739916550765,1.4798331015299027,-23.86171553002996,301.8943801096529,545737.4436647118,533237.0257626043
533.7413073713491,1.482614742698192,-23.887536462949623,260.43158436452126,547031.9896035417,534501.9194109112
534.7426981919332,1.485396383866481,-23.90954809893573,218.8898088414878,548135.8383328555,535580.4838747281
535.7440890125174,1.4881780250347705,-23.927742751336783,177.2816533637917,549048.4686288468,536472.2098691685
536.7454798331015,1.4909596662030598,-23.942114065051122,135.61973702384014,549769.4492933592,537176.676072908
537.7468706536856,1.493741307371349,-23.952657019529546,93.9166945171682,550298.4395087676,537693.5494749375
538.7482614742698,1.4965229485396385,-23.95936793114847,52.18517247374824,550635.1891187044,538022.5856488596
539.749652294854,1.4993045897079276,-23.962244454951882,10.437825787174392,550779.5388342382,538163.6289543436
540.751043115438,1.5020862308762168,-23.96128558576051,-31.312686057609685,550731.4203652168,538116.6126654614
541.7524339360223,1.5048678720445063,-23.956491658647305,-73.05370265734793,550490.8564765889,537881.5590257175
542.7538247566064,1.5076495132127954,-23.947864348778992,-114.7725663636688,550057.9609696286,537458.5792297055
543.7552155771905,1.5104311543810847,-23.935406670623582,-156.45662595584108,549432.9385880862,536847.8733314063
544.7566063977747,1.5132127955493742,-23.919122976524694,-198.09324031237253,548616.0848493971,536049.7300792654
545.7579972183588,1.5159944367176634,-23.899018954643818,-239.66978208084797,547607.7858011886,535064.5266782755
546.7593880389429,1.5187760778859525,-23.875101626272073,-281.1736413453989,546408.5177034184,533892.7284793969
547.7607788595271,1.521557719054242,-23.847379342513943,-322.59222929107995,545018.8466365967,532534.8885967524
548.7621696801112,1.5243393602225312,-23.81586178034545,-363.91298186453463,543439.428036634,530991.6474531309
549.7635605006955,1.5271210013908207,-23.780559938050168,-405.12336343032945,541671.0061569645,529263.73225443
550.7649513212796,1.52990264255911,-23.741486130036765,-446.210870422184,539714.4134586956,527351.9563937751
551.7663421418637,1.532684283727399,-23.69865398104232,-487.16303498854154,537570.5699296298,525257.2187861394
552.7677329624479,1.5354659248956886,-23.65207841972617,-527.9674286316881,535240.4823331039,522980.50313438865
553.769123783032,1.5382475660639778,-23.601775671659542,-568.6116658397635,532725.2433876889,520522.8771277711
554.7705146036161,1.5410292072322669,-23.547763251716574,-609.0834077109873,530026.0308788777,517885.49157395156
555.7719054242003,1.5438108484005564,-23.490059955873065,-649.3703655693037,527144.1067039911,515069.57946579513
556.7732962447844,1.5465924895688457,-23.428685852419505,-689.4603045707443,524080.8158516118,512076.4549841769
557.7746870653685,1.549374130737135,-23.363662272595487,-729.3410472997912,520837.58531694143,508907.5124381848
558.7760778859528,1.5521557719054244,-23.295011800653107,-769.0004773549042,517415.92295456806,505564.22514416365
559.7774687065369,1.5549374130737135,-23.222758263357328,-808.4265429224592,513817.4162702011,502048.1442451268
560.778859527121,1.5577190542420027,-23.14692671893163,-847.6072603383425,510043.7311530095,498360.8974721308
561.7802503477052,1.5605006954102922,-23.067543445457954,-886.5307176363054,506096.61055028124,494504.1878492919
562.7816411682893,1.5632823365785813,-22.984635928740005,-925.1850780822804,501977.8730861813,490479.7923441835
563.7830319888734,1.5660639777468706,-22.89823284963955,-963.5585836938691,497689.411626455,486289.5604654141
564.7844228094576,1.56884561891516,-22.808364070895834,-1001.6395587439964,493233.19179099624,481935.4128092671
565.7858136300417,1.5716272600834493,-22.715060623438355,-1039.416413247966,488611.2504162462,477419.3395573188
566.7872044506258,1.5744089012517384,-22.618354692203653,-1076.8776464329744,483825.69396944833,472743.3989270158
567.78859527121,1.5771905424200279,-22.518279601467327,-1114.0118501891297,478878.69691684586,467909.7155772495
568.7899860917942,1.5799721835883171,-22.41486979970255,-1150.807712501045,473772.5000479454,462920.478971004
569.7913769123783,1.5827538247566062,-22.30816084397663,-1187.2540208590906,468509.4087580142,457777.9416971932
570.7927677329625,1.5855354659248957,-22.19818938389784,-1223.339665649257,463091.7912910297,452484.4177538568
571.7941585535466,1.588317107093185,-22.084993145124546,-1259.0536435206564,457522.07694532635,447042.2807949077
572.7955493741307,1.5910987482614742,-21.968610912449126,-1294.3850607296893,451802.7542442112,441453.9623426506
573.7969401947149,1.5938803894297637,-21.84908251246957,-1329.323136459774,445936.3690738683,435721.9499683385
574.798331015299,1.5966620305980528,-21.726448795861643,-1363.8572061156235,439925.5227908724,429848.78544303577
575.7997218358831,1.599443671766342,-21.60075161926464,-1397.976724591033,433772.87030166003,423837.0628610791
576.8011126564674,1.6022253129346316,-21.47203382679441,-1431.6712695090375,427481.11811633245,417689.4267384591
577.8025034770515,1.6050069541029208,-21.340339231196996,-1464.9305444333772,421053.0223791578,411408.57008843566
578.8038942976356,1.6077885952712099,-21.205712594656546,-1497.7443820501817,414491.3868781539,404997.23247671186
579.8052851182198,1.6105702364394994,-21.068199609271577,-1530.1027473187014,407799.061036145,398458.19805850636
580.8066759388039,1.6133518776077886,-20.927846877213447,-1561.9957405899715,400978.9378856725,391794.29359985073
581.808066759388,1.6161335187760777,-20.784701890581015,-1593.413600692298,394033.95203013276,385008.3864854276
582.8094575799722,1.6189151599443672,-20.638813010965976,-1624.3467079823458,386967.0775935241,378103.38271528104
583.8108484005563,1.6216968011126565,-20.49022944874297,-1654.7855873606973,379781.3261611543,371082.22489269206
584.8122392211404,1.6244784422809457,-20.33900124209867,-1684.7209112507285,372479.7447136434,363947.89020550466
585.8136300417247,1.6272600834492352,-20.185179235814566,-1714.1435025395788,365065.41355655395,356703.3884031793
586.8150208623088,1.6300417246175243,-20.028815059817642,-1743.044337480036,357541.4442479403,349351.75977181294
587.8164116828929,1.6328233657858136,-19.869961107513284,-1771.4145485522106,349910.9775260768,341896.0731093326
588.8178025034771,1.635605006954103,-19.70867051391518,-1799.2454272836915,342177.18123962375,334339.42370307405
589.8191933240612,1.638386648122392,-19.544997133586335,-1826.5284270270931,334343.2482824199,326684.9313118767
590.8205841446453,1.6411682892906814,-19.37899551840561,-1853.2551656937596,326412.39453506825,318935.7381548203
591.8219749652295,1.6439499304589709,-19.21072089517425,-1879.4174284424203,318387.85681545496,311095.0069086877
592.8233657858136,1.6467315716272601,-19.040229143076704,-1905.007170321621,310272.8908402797,303165.91871618736
593.8247566063977,1.6495132127955492,-18.86757677100956,-1930.0165188647693,302070.76919962716,295151.67120691855
594.826147426982,1.6522948539638387,-18.692820894793222,-1954.437776636567,293784.7793465867,287055.47653303994
595.827538247566,1.655076495132128,-18.51601921428002,-1978.263423729688,285418.2216038515,278880.5594215283
596.8289290681502,1.657858136300417,-18.33722999037257,-2001.4861202105576,276974.4071891756,270630.1552448645
597.8303198887344,1.6606397774687065,-18.156512021966343,-2024.0987085130348,268456.6562615369,262307.5081119491
598.8317107093185,1.6634214186369958,-17.973924622830033,-2046.0942157788825,259868.29598976974,253915.86898097445
599.8331015299026,1.666203059805285,-17.7895275984369,-2067.46585614393,251212.65864537554,245458.49379592095
600.8344923504868,1.6689847009735745,-17.603381222760717,-2088.207032968752,242493.07972117927,236938.64164830596
601.8358831710709,1.6717663421418636,-17.41554621504928,-2108.3113410128203,233712.89607741477,228359.57296573473
602.837273991655,1.6745479833101529,-17.22608371658821,-2127.772568551049,224875.44411675812,219724.54772873505
603.8386648122392,1.6773296244784424,-17.035055267468113,-2146.5846994316466,215984.0579897842,211036.8237173195
604.8400556328234,1.6801112656467316,-16.842522783367375,-2164.741915074271,207042.06783223528,202299.65478862976
605.8414464534075,1.6828929068150207,-16.64854853236272,-2182.2385964074642,198052.79803541853,193516.28918695202
606.8428372739917,1.6856745479833102,-16.45319511177995,-2199.0693257443754,189019.56555100752,184689.96788734765
607.8442280945758,1.6884561891515995,-16.25652542509649,-2215.228888595806,179945.67823142992,175823.92297405555
608.8456189151599,1.6912378303198885,-16.058602658907017,-2230.712275419662,170834.43320695122,166921.37605474936
609.8470097357441,1.694019471488178,-15.859490259964012,-2245.514683305873,161689.11530052146,157985.53671169307
610.8484005563282,1.6968011126564673,-15.65925191230393,-2259.631517595916,152512.9954813551,149019.60099074274
611.8497913769123,1.6995827538247565,-15.45795151446969,-2273.058393436105,143309.3293581459,140026.7499290749
612.8511821974965,1.702364394993046,-15.255653156840166,-2285.791137263806,134081.3557127651,131010.14812247109
613.8525730180806,1.705146036161335,-15.05242109907707,-2297.825788225797,124832.29507521613,121972.94233291442
614.8539638386648,1.7079276773296244,-14.848319747698492,-2309.158599528041,115565.34834051656,112918.2601371522
615.855354659249,1.7107093184979139,-14.643413633789434,-2319.7860397161253,106283.6954281652,103849.20861686871
616.8567454798331,1.713490959666203,-14.43776739085841,-2329.704793885705,96990.49398473787,94768.87309099917
617.8581363004172,1.7162726008344922,-14.231445732848893,-2338.9117648222996,87688.87813009536,85680.31589065588
618.8595271210014,1.7190542420027817,-14.024513432314778,-2347.4040740698297,78381.95724763967,76586.57517709477
619.8609179415855,1.721835883171071,-13.817035298768069,-2355.179062927319,69072.81481896578,67490.66380305996
620.8623087621696,1.72461752433936,-13.609076157206747,-2362.23429337325,59764.50730318777,58395.5682177795
621.8636995827538,1.7273991655076495,-13.400700826830944,-2368.5675489170485,50460.0630611784,49304.2474158459
622.865090403338,1.7301808066759388,-13.191974099954804,-2374.176835377261,41162.481324872904,40219.63193012854
623.8664812239222,1.7329624478442283,-12.982960721120904,-2379.0603815860154,31874.731211721777,31144.62286880097
624.8678720445063,1.7357440890125173,-12.773725366424733,-2383.2166400193664,22599.75078435083,22082.090996540046
625.8692628650904,1.7385257301808066,-12.564332623055035,-2386.6442873532224,13340.44615537288,13034.8758598423
626.8706536856746,1.741307371349096,-12.35484696905686,-2389.3422249445352,4099.690637289106,4005.784956397317
627.8720445062587,1.7440890125173854,-12.145332753322995,-2391.3095792375175,-5119.676062672472,-5002.407051631088
628.8734353268428,1.7468706536856744,-11.935854175819195,-2392.545702094669,-14314.848602988926,-13986.95908061872
629.874826147427,1.749652294853964,-11.726475268048887,-2393.0501710524427,-23483.056723781217,-22945.16432502087
630.8762169680111,1.7524339360222532,-11.517259873762177,-2392.82278950143,-32621.565918574594,-31874.350913745533
631.8776077885952,1.7552155771905424,-11.308271629913577,-2391.8635867909748,-41727.678062245664,-40771.882523717184
632.8789986091795,1.757997218358832,-11.099573947873292,-2390.1728182581573,-50798.731995545924,-49635.15895101132
633.8803894297636,1.760778859527121,-10.891229994895868,-2387.750965181175,-59832.10406666381,-58461.616640011816
634.8817802503477,1.7635605006954103,-10.683302675849843,-2384.598734657123,-68825.20863033296,-67248.72917108683
635.8831710709319,1.7663421418636998,-10.475854615212228,-2380.7170594042686,-77775.49850501335,-75994.00770729799
636.884561891516,1.7691237830319888,-10.268948139330815,-2376.1070974889385,-86680.46538873782,-84695.00140072146
637.8859527121001,1.771905424200278,-10.062645258956966,-2370.7702319771624,-95537.64023426337,-93349.29775900669
638.8873435326843,1.7746870653685676,-9.857007652052074,-2364.7080705112826,-104344.59358416017,-101954.52297278953
639.8887343532684,1.7774687065368568,-9.652096646869534,-2357.9224448117548,-113098.93586656525,-110508.34220467183
640.8901251738525,1.780250347705146,-9.44797320531436,-2350.415410104414,-121798.31765232944,-119008.45984047814
641.8915159944368,1.7830319888734354,-9.244697906582457,-2342.189244473514,-130440.4298743137,-127452.61970352901
642.8929068150209,1.7858136300417247,-9.042330931080976,-2333.246448140901,-139023.00400963982,-135838.60523271703
643.894297635605,1.7885952712100137,-8.840932044630787,-2323.5897426716774,-147543.81222573016,-144164.2396252017
644.8956884561892,1.7913769123783032,-8.640560582952494,-2313.2220701067977,-156000.6674909736,-152427.38594454015
645.8970792767733,1.7941585535465925,-8.44127543643653,-2302.1465920230457,-164391.42365090424,-160625.9471951212
646.8984700973574,1.7969401947148818,-8.24313503519773,-2290.366688520863,-172713.97547080222,-168757.86636379032
647.8998609179416,1.7997218358831713,-8.04619733441501,-2277.885957140568,-180966.25864562503,-176821.12642955332
648.9012517385257,1.8025034770514603,-7.850519799956077,-2264.708211707516,-189146.24977821857,-184813.75034228698
649.9026425591098,1.8052851182197496,-7.656159394286767,-2250.837481106762,-197251.96632677765,-192733.80097140197
650.904033379694,1.808066759388039,-7.463172562665117,-2236.2780079878667,-205281.46652251642,-200579.38102540054
651.9054242002782,1.8108484005563281,-7.271615219619286,-2221.0342474004783,-213232.8492585482,-208348.63294330015
652.9068150208623,1.8136300417246174,-7.081542735708503,-2205.110865361348,-221104.25395098608,-216039.73875891668
653.9082058414465,1.8164116828929069,-6.893009924566323,-2188.512737353495,-228893.86037326395,-223650.91993898005
654.9095966620306,1.8191933240611962,-6.706071030224936,-2171.2449467582533,-236599.88846471102,-231180.43719609332
655.9109874826147,1.8219749652294852,-6.520779714718983,-2153.312783220907,-244220.5981144183,-238626.59027754987
656.9123783031989,1.8247566063977747,-6.337189045967733,-2134.7217409507493,-251754.28892142305,-245987.71773101165
657.913769123783,1.827538247566064,-6.1553514859337755,-2115.4775169563195,-259199.29993226082,-253262.1966480712
658.9151599443671,1.8303198887343533,-5.975318879056238,-2095.5860092166445,-266554.00935694063,-260448.44238673442
659.9165507649514,1.8331015299026427,-5.797142440956893,-2075.0533147893434,-273816.83426437824,-267544.90827382857
660.9179415855355,1.8358831710709318,-5.620872747416839,-2053.885727856455,-280986.2302583446,-274550.08528837434
661.9193324061196,1.838664812239221,-5.4465597236213785,-2032.089737708833,-288060.6911349863,-281462.50172695005
662.9207232267038,1.8414464534075106,-5.274252633670946,-2009.672026670052,-295038.7485229542,-288280.7228520647
663.9221140472879,1.8442280945757996,-5.104000070355625,-1986.6394679607436,-301918.97150718514,-295003.35052455554
664.923504867872,1.8470097357440889,-4.935849945190187,-1962.9991235042305,-308699.9662373934,-301629.02282104845
665.9248956884562,1.8497913769123784,-4.769849478707449,-1938.7582416744854,-315380.37552228704,-308156.4136374685
666.9262865090403,1.8525730180806677,-4.606045191006926,-1913.9242549873304,-321958.8784105475,-314584.23227961746
667.9276773296244,1.8553546592489567,-4.44448289255566,-1888.504777735852,-328434.1897595996,-320911.2230418212
668.9290681502086,1.8581363004172462,-4.285207675238579,-1862.5076035710397,-334805.0597931717,-327136.1647746249
669.9304589707928,1.8609179415855355,-4.128263903655108,-1835.9407030286336,-341070.27364865725,-333257.87044252176
670.9318497913769,1.8636995827538245,-3.973695206658789,-1808.8122210031731,-347228.6509152769,-339275.1866726939
671.9332406119611,1.866481223922114,-3.8215444691369345,-1781.130474170294,-353279.04516400973,-345186.9932957108
672.9346314325452,1.8692628650904033,-3.671853824026927,-1752.9039483582908,-359220.3434702732,-350992.20287914335
673.9360222531293,1.8720445062586926,-3.5246646445656853,-1724.141295869943,-365051.46593031177,-356689.76025502844
674.9374130737135,1.874826147426982,-3.3800175367692207,-1694.8513327556982,-370771.36517223023,-362278.642042103
675.9388038942976,1.877607788595271,-3.237952332138737,-1665.0430360392368,-376379.02586260583,-367757.85616371804
676.9401947148817,1.8803894297635604,-3.0985080805896983,-1634.7255408964334,-381873.46420960076,-373126.44136233145
677.941585535466,1.8831710709318499,-2.961723043600677,-1603.9081377888274,-387253.7274634639,-378383.46671145235
678.94297635605,1.885952712100139,-2.827634687578372,-1572.6002695526406,-392518.89341531467,-383528.03112590424
679.9443671766342,1.8887343532684282,-2.6962796774351783,-1540.811528444363,-397668.0698950772,-388559.2628712603
680.9457579972184,1.8915159944367177,-2.567693870376062,-1508.5516531440378,-402700.394269411,-393476.3190732737
681.9471488178025,1.894297635605007,-2.44191230989113,-1475.8305257172735,-407615.03294047306,-398278.38522812055
682.9485396383866,1.897079276773296,-2.318969219950274,-1442.6581685370297,-412411.1808463365,-402964.67471426283
683.9499304589708,1.8998609179415855,-2.1988979993966464,-1409.0447411662872,-417088.06096385047,-407534.4283066948
684.9513212795549,1.9026425591098748,-2.081731216535398,-1375.0005372026567,-421644.92381472985,-411986.91369434557
685.952712100139,1.905424200278164,-1.9675006039141354,-1340.5359810859507,-426081.04697563656,-416321.4250013831
686.9541029207232,1.9082058414464536,-1.8562370532918375,-1305.661624869826,-430395.73459299054,-420537.2823131386
687.9554937413074,1.9109874826147426,-1.7479706107929056,-1270.388144958588,-434588.31690323044,-424633.83120735525
688.9568845618915,1.9137691237830319,-1.6427304722427005,-1234.726338810105,-438658.1497592404,-428610.4422914628
689.9582753824757,1.9165507649513214,-1.54054497868162,-1198.6871216060154,-442604.61416361097,-432466.51074652997
690.9596662030598,1.9193324061196104,-1.4414416120542983,-1162.2815228902225,-446427.115809407,-436201.4558785507
691.9610570236439,1.9221140472878997,-1.3454469910706686,-1125.5206831767064,-450125.08462908625,-439814.72067769495
692.9624478442281,1.9248956884561892,-1.2525868672359157,-1088.415850527762,-453697.9743521887,-443305.7713861294
693.9638386648122,1.9276773296244785,-1.1628861210461456,-1050.9783771036757,-457145.2620723992,-446674.09707499726
694.9652294853963,1.9304589707927675,-1.0763687583466828,-1013.2197156848538,-460466.4478245741,-449919.2092311333
695.9666203059805,1.933240611961057,-0.9930579068502118,-975.1514161674938,-463661.05417228513,-453040.64135405415
696.9680111265646,1.9360222531293463,-0.9129758128118187,-936.7851220338142,-466728.62580642477,-456037.94856375945
697.9694019471489,1.9388038942976358,-0.8361438378580233,-898.1325667978165,-469668.7291554008,-458910.7072198538
698.970792767733,1.9415855354659248,-0.7625824559673392,-859.2055704277108,-472480.9520074109,-461658.5145524743
699.9721835883171,1.944367176634214,-0.6923112505994553,-820.0160357459007,-475164.90314528404,-464280.98830549564
700.9735744089013,1.9471488178025036,-0.6253489119707025,-780.5759448076428,-477720.2119943477,-466777.7663924629
701.9749652294854,1.9499304589707929,-0.561713234473284,-740.8973552593499,-480146.52828375244,-469148.50656567415
702.9763560500695,1.952712100139082,-0.5014211142358354,-700.9923966775082,-482443.52172168426,-471392.886098832
703.9777468706537,1.9554937413073714,-0.4444885468231874,-660.8732668892796,-484610.88168484997,-473510.6014836417
704.9791376912378,1.9582753824756607,-0.39093062507310244,-620.5522282757504,-486648.3169226175,-475501.3681407278
705.980528511822,1.9610570236439497,-0.34076153706787243,-580.041604058781,-488555.55527617055,-477364.920145222
706.9819193324062,1.9638386648122395,-0.293994564238928,-539.353774572516,-490332.34341300477,-479101.0099673414
707.9833101529903,1.9666203059805285,-0.25064207960256,-498.50117352050364,-491978.4465770872,-480709.40822826966
708.9847009735744,1.9694019471488178,-0.21071554612496485,-457.4962842193636,-493493.6483549714,-482189.9034716299
709.9860917941586,1.9721835883171073,-0.17422551521507623,-416.35163583005567,-494877.75045813987,-483542.30195081275
710.9874826147427,1.9749652294853963,-0.14118162534362752,-375.07979957768157,-496130.57252182974,-484766.42743241007
711.9888734353268,1.9777468706536856,-0.11159260078700482,-333.6933849607557,-497251.9519205738,-485862.121015981
712.990264255911,1.980528511821975,-0.08546625049465634,-292.2050359509594,-498241.74360066914,-486829.2409703574
713.9916550764951,1.9833101529902644,-0.06280946707891773,-250.62742718436698,-499099.819929765,-487667.66258667863
714.9930458970792,1.9860917941585534,-0.04362822592609871,-208.97326014497958,-499826.07056374295,-488377.2780483191
715.9944367176635,1.988873435326843,-0.027927584428017283,-167.25525934166396,-500420.40233104024,-488957.9963178622
716.9958275382476,1.9916550764951322,-0.015711681333119967,-125.4861684793869,-500882.73913454753,-489409.74304124486
717.9972183588317,1.9944367176634212,-0.006983736216503444,-83.67874662566467,-501213.02187119244,-489732.4604691835
718.9986091794159,1.9972183588317107,-0.0017460490683046338,-41.84576437325453,-501411.2083692976,-489926.10739596625
720.0,2.0,-0.0,-1.1729067489584266e-12,-501477.2733437889,-489990.6591156875
