theta,revolution,displacement,velocity,acceleration
0.0,0.0,-0.0,0.0,-525553.4584653318
1.0013908205841446,0.0027816411682892906,-0.0018298646832694628,43.85480131895444,-525461.6316055615
2.0027816411682893,0.005563282336578581,-0.00731881929671713,87.69620683919943,-525186.194469254
3.004172461752434,0.008344923504867872,-0.016464945833758154,131.51082478323107,-524727.2773495875
4.0055632823365785,0.011126564673157162,-0.02926504862485958,175.28527141503042,-524085.0972824736
5.006954102920723,0.013908205841446452,-0.04571465584882506,219.00617505849016,-523259.95786765334
6.008344923504868,0.016689847009735744,-0.06580802164684933,262.66018011306,-522252.2490185831
7.009735744089013,0.019471488178025034,-0.0895381288375972,306.23395106567955,-521062.44664146035
8.011126564673157,0.022253129346314324,-0.11689669223108734,349.7141764980658,-519691.112243836
9.012517385257302,0.025034770514603618,-0.1478741625386314,393.0875730884162,-518138.8924733614
10.013908205841446,0.027816411682892905,-0.18245973087564013,436.3408896065858,-516406.5185873138
11.015299026425591,0.030598052851182198,-0.22064133385357784,479.46091090179056,-514494.8058536357
12.016689847009737,0.03337969401947149,-0.2624056592569272,522.4344618818814,-512404.6528843237
13.01808066759388,0.036161335187760775,-0.30773815230048857,565.2484114832321,-510137.0409020899
14.019471488178025,0.03894297635605007,-0.35662302246193883,607.8896766302693,-507693.03294131026
15.020862308762169,0.041724617524339355,-0.40904325088404814,650.3452261836715,-505073.77298436617
16.022253129346314,0.04450625869262865,-0.46498059834059224,692.6020848762533,-502280.48503456305
17.02364394993046,0.04728789986091794,-0.5244156137594533,734.6473372355393,-499314.4721269048
18.025034770514605,0.050069541029207236,-0.5873276432960552,776.4681314920286,-496177.115278074
19.026425591098747,0.052851182197496516,-0.6536948399498074,818.0516834721369,-492869.8723770532
20.027816411682892,0.05563282336578581,-0.7234941737158429,859.3852804747938,-489394.2770178933
21.029207232267037,0.0584144645340751,-0.7967014422639053,900.4562851306632,-485751.93727621064
22.030598052851182,0.061196105702364396,-0.8732912821358878,941.2521392429447,-481944.5344310639
23.031988873435328,0.06397774687065369,-0.9532371804531091,981.7603676087018,-477973.821633926
24.033379694019473,0.06675938803894298,-1.0365114871240604,1021.9685818196515,-473841.62252653146
25.034770514603615,0.06954102920723226,-1.1230854275430107,1061.8644840413458,-469549.8298094365
26.03616133518776,0.07232267037552155,-1.212929115769483,1101.4358707696488,-465100.4037631909
27.037552155771905,0.07510431154381085,-1.3060115681783249,1140.6706365634225,-460495.3707240631
28.03894297635605,0.07788595271210014,-1.4023007175697486,1179.5567777523097,-455736.82151631935
29.040333796940196,0.08066759388038944,-1.5017634277284277,1218.0823961184942,-450826.9098430949
30.041724617524338,0.08344923504867871,-1.6043655084204391,1256.2357025513165,-445767.85063794116
31.043115438108483,0.08623087621696801,-1.7100717308165894,1294.005020673599,-440561.9183791644
32.04450625869263,0.0890125173852573,-1.8188458433303651,1331.3787904385451,-435211.4453691135
33.04589707927677,0.09179415855354658,-1.930650587858552,1368.345571696043,-429718.8199805911
34.04728789986092,0.09457579972183588,-2.0454477164122773,1404.8940477272208,-424086.48487260425
35.04867872044506,0.09735744089012517,-2.1631980081260984,1441.0130287460768,-418316.93517767277
36.05006954102921,0.10013908205841447,-2.283861286632467,1476.691455367006,-412412.71666295006
37.05146036161335,0.10292072322670376,-2.4073964377887997,1511.9184020370394,-406376.4238674099
38.05285118219749,0.10570236439499303,-2.533761427744176,1546.683080431601,-400210.6982173693
39.05424200278164,0.10848400556328233,-2.66291332133252,1580.9748428125954,-393918.22612262494
40.055632823365784,0.11126564673157162,-2.7948083007790476,1614.7831853476157,-387501.7370554742
41.05702364394993,0.11404728789986092,-2.9294016847065727,1648.0977513890818,-380964.00161489926
42.058414464534074,0.1168289290681502,-3.066647947428197,1680.9083347120902,-374307.8295781817
43.059805285118216,0.11961057023643949,-3.2065007385128355,1713.2048827097904,-367536.0679422046
44.061196105702365,0.12239221140472879,-3.348912902609923,1744.9774995450625,-360651.5989566895
45.06258692628651,0.12517385257301808,-3.4938364995195976,1776.2164492573038,-353657.3381515982
46.063977746870655,0.12795549374130738,-3.6412228244946623,1806.9121588231276,-346556.23236090556
47.0653685674548,0.13073713490959665,-3.7910224287605034,1837.0552211697639,-339351.25774493127
48.066759388038946,0.13351877607788595,-3.9431851402392817,1866.6363981399857,-332045.41781338543
49.06815020862309,0.13630041724617525,-4.097660084464531,1895.6466234073594,-324641.7414512611
50.06954102920723,0.13908205841446453,-4.254395705672494,1924.0770053406543,-317143.2809496641
51.07093184979138,0.14186369958275383,-4.413339788056456,1951.9188298162333,-309553.1100436426
52.07232267037552,0.1446453407510431,-4.574439477170404,1979.1635629772663,-301874.3219590341
53.07371349095967,0.1474269819193324,-4.737641301468431,2005.8028539386241,-294110.02747031004
54.07510431154381,0.1502086230876217,-4.902891193966348,2031.8285374363074,-286263.35297135153
55.07649513212795,0.15299026425591097,-5.070134514012085,2057.2326364202986,-278337.438561042
56.0778859527121,0.15577190542420027,-5.23931606915151,2082.0073645897246,-270335.43614551885
57.07927677329624,0.15855354659248957,-5.410380137076525,2106.145128869242,-262260.50755886594
58.08066759388039,0.16133518776077888,-5.583270487642278,2129.6385318255784,-254115.8227039859
59.082058414464534,0.16411682892906815,-5.757930404940587,2152.4803740231696,-245904.55771532637
60.083449235048676,0.16689847009735742,-5.934302709416768,2174.6636563178695,-237629.89314508447
61.084840055632824,0.16968011126564672,-6.112329780017258,2196.181582087716,-229295.01217444942
62.086230876216966,0.17246175243393602,-6.291953576355543,2217.0275593997753,-220903.0988513897
63.087621696801115,0.17524339360222532,-6.473115660884139,2237.195203112094,-212457.33635642132
64.08901251738526,0.1780250347705146,-6.6557572210605676,2256.678336909828,-203960.9052977393
65.0904033379694,0.1808066759388039,-6.83981909149541,2275.470995274639,-195416.9820370239
66.09179415855354,0.18358831710709317,-7.025241776070825,2293.5674253864804,-186828.7370471745
67.09318497913769,0.18636995827538247,-7.2119654700180895,2310.96208895691,-178199.33330315154
68.09457579972184,0.18915159944367177,-7.399930081942912,2327.6496639931224,-169531.9247070489
69.09596662030599,0.19193324061196107,-7.589075255787607,2343.6250464918985,-160829.6545484457
70.09735744089012,0.19471488178025034,-7.779340392719379,2358.8833520627168,-152095.65400102246
71.09874826147427,0.19749652294853964,-7.970664672934284,2373.419917479315,-143333.04065635955
72.10013908205842,0.20027816411682894,-8.162987077366576,2387.2303021589814,-134544.91709576777
73.10152990264255,0.20305980528511822,-8.35624640929359,2400.3102895689544,-125734.36950093423
74.1029207232267,0.20584144645340752,-8.550381315826442,2412.6558885592826,-116904.46630409744
75.10431154381085,0.20862308762169682,-8.745330309277133,2424.2633346215785,-108058.2568784025
76.10570236439499,0.21140472878998606,-8.941031788392952,2435.1290910731095,-99198.77026901733
77.10709318497914,0.21418636995827536,-9.137424059449362,2445.249850165721,-90329.01396552513
78.10848400556328,0.21696801112656466,-9.334445357192799,2454.622534119121,-81451.97271604561
79.10987482614743,0.219749652294854,-9.532033865625104,2463.2442960780972,-72570.60738347046
80.11126564673157,0.22253129346314324,-9.730127738621674,2471.1125209932657,-63687.85384413315
81.11265646731572,0.22531293463143254,-9.928665120375642,2478.2248264250043,-54806.621929173714
82.11404728789987,0.22809457579972184,-10.127584165660679,2484.579063270261,-45929.794408797105
83.115438108484,0.2308762169680111,-10.326823059905394,2490.173316411958,-37060.22601955671
84.11682892906815,0.2336578581363004,-10.526320039072552,2495.0059052907595,-28200.742534742105
85.1182197496523,0.2364394993045897,-10.72601340933659,2499.075384399019,-19354.139877889927
86.11961057023643,0.23922114047287898,-10.925841566553313,2502.380543696752,-10523.183279374294
87.12100139082058,0.24200278164116829,-11.125743015515894,2504.9204089495083,-1710.6064759833512
88.12239221140473,0.24478442280945759,-11.325656388991531,2506.694241988113,7080.889046666229
89.12378303198888,0.2475660639777469,-11.525520466533578,2507.7015408901966,15848.63476908409
90.12517385257301,0.25034770514603616,-11.725274193064134,2507.942040083574,24589.995810481832
91.12656467315716,0.25312934631432543,-11.924856697222392,2507.4157103714833,33302.37155927441
92.12795549374131,0.25591098748261476,-12.12420730947436,2506.122758879814,41983.196261860045
93.12934631432545,0.25869262865090403,-12.323265579979873,2504.063628926417,50629.93957007816
94.1307371349096,0.2614742698191933,-12.521971296213104,2501.238999812704,59240.10704778973
95.13212795549374,0.26425591098748263,-12.720264500332933,2497.649786537713,67811.24063706439
96.13351877607789,0.2670375521557719,-12.918085506300116,2493.2971394349142,76340.91908450722
97.13490959666203,0.2698191933240612,-13.115374916738077,2488.182443732022,84826.75832829012
98.13630041724618,0.2726008344923505,-13.312073639534807,2482.3073190341456,93266.4118464948
99.13769123783032,0.2753824756606398,-13.508122904183333,2475.673618730639,101657.57096740924
100.13908205841446,0.27816411682892905,-13.703464277858606,2468.2834293260335,109997.96514245462
101.14047287899861,0.2809457579972184,-13.898039681228976,2460.139069695497,118285.36218245052
102.14186369958276,0.28372739916550765,-14.091791404000524,2451.2430902652713,126517.56845795765
103.14325452016689,0.2865090403337969,-14.284662120192918,2441.5982721186047,134692.4290644676
104.14464534075104,0.2892906815020862,-14.47659490314561,2431.2076260276835,142807.82795323353
105.14603616133519,0.29207232267037553,-14.66753324025344,2420.0743914121526,150861.6880285619
106.14742698191934,0.2948539638386648,-14.857421047431073,2408.2020352248,158851.9712124114
107.14881780250347,0.2976356050069541,-15.046202683305635,2395.5942507650407,166776.67847716197
108.15020862308762,0.3004172461752434,-15.233822963137545,2382.2549564208484,174633.84984744203
109.15159944367177,0.3031988873435327,-15.420227172469342,2368.188294339821,182421.56437191655
110.1529902642559,0.30598052851182195,-15.605361080502767,2353.39862903008,190137.94006595624
111.15438108484005,0.3087621696801113,-15.789170953204557,2337.890545891751,197781.13382612602
112.1557719054242,0.31154381084840055,-15.971603566141466,2321.6688496797838,205349.34131743832
113.15716272600834,0.3143254520166898,-16.152606217045317,2304.7385628988845,212840.79683433456
114.15855354659249,0.31710709318497915,-16.332126738109068,2287.104924131387,220253.77313636517
115.15994436717664,0.3198887343532684,-16.510113508015063,2268.7733862988825,227586.58125954718
116.16133518776078,0.32267037552155775,-16.68651546369669,2249.7496148584605,234837.5703043863
117.16272600834492,0.325452016689847,-16.861282111835028,2230.0394859344387,242005.12720155795
118.16411682892907,0.3282336578581363,-17.03436354009203,2209.649084386463,249087.67645624228
119.16550764951322,0.3310152990264256,-17.205710428082092,2188.5847018149025,256083.67987211267
120.16689847009735,0.33379694019471484,-17.375274058083882,2166.852834504442,262991.63625598315
121.1682892906815,0.33657858136300417,-17.54300632549445,2144.460181306839,269810.0811041121
122.16968011126565,0.33936022253129344,-17.708859749027962,2121.4136414637887,276537.5862711672
123.17107093184978,0.3421418636995827,-17.872787480661124,2097.720312370867,283172.7596228482
124.17246175243393,0.34492350486787204,-18.034743315327933,2073.3874872835345,289714.24467316596
125.17385257301808,0.3477051460361613,-18.19468170036615,2048.4226529662155,296160.7202073675
126.17524339360223,0.35048678720445064,-18.352557744718176,2022.833487285424,302510.8998914952
127.17663421418636,0.3532684283727399,-18.508327227889012,1996.6278567479847,308763.5318695583
128.1780250347705,0.3560500695410292,-18.66194660866417,1969.8138139853577,314917.39834929205
129.17941585535465,0.35883171070931846,-18.81337303359031,1942.399595185102,320971.3151774654
130.1808066759388,0.3616133518776078,-18.962564345221697,1914.393617470525,326924.13140569674
131.18219749652295,0.36439499304589706,-19.1094790901354,1885.8044762295544,332774.72884771886
132.18358831710708,0.36717663421418634,-19.25407652671835,1856.640942393886,338522.0216290317
133.18497913769124,0.36995827538247567,-19.396316632729384,1826.9119596694732,344164.9557298627
134.18636995827538,0.37273991655076494,-19.536160112639465,1796.6266417194092,349702.5085223459
135.1877607788595,0.3755215577190542,-19.673568404753336,1765.7942693002585,355133.6883028212
136.18915159944368,0.37830319888734354,-19.808503688115753,1734.4242873529222,360457.5338201321
137.1905424200278,0.3810848400556328,-19.940928889205708,1702.52630204908,365673.1138007963
138.19193324061197,0.38386648122392214,-20.070807688421926,1670.1100777942934,370779.5264719048
139.1933240611961,0.3866481223922114,-20.198104526362812,1637.1855341888283,375775.89908258594
140.19471488178024,0.3894297635605007,-20.32278460990444,1603.762742947261,380661.3874248625
141.1961057023644,0.39221140472879,-20.444813918079664,1569.8519247779382,385435.1753547079
142.19749652294854,0.3949930458970793,-20.564159207761847,1535.4634462233576,390096.4743140951
143.19888734353268,0.39777468706536856,-20.680788019156495,1500.6078164625135,394644.5228548094
144.20027816411684,0.4005563282336579,-20.794668681104056,1465.2956840762808,399078.5861647876
145.20166898470097,0.40333796940194716,-20.905770316197273,1429.5378337768896,403397.9555977182
146.2030598052851,0.40611961057023643,-21.01406284571633,1393.3451831025309,407601.9482066279
147.20445062586927,0.40890125173852576,-21.119516994384966,1356.7287790781468,411689.9062821563
148.2058414464534,0.41168289290681503,-21.22210429495092,1319.6997948434578,415661.1968962041
149.20723226703754,0.41446453407510425,-21.321797092593734,1282.2695262492362,419515.21145162237
150.2086230876217,0.41724617524339364,-21.41856854916315,1244.4493884228873,423251.3652385893
151.21001390820584,0.4200278164116829,-21.51239264725116,1206.2509123043467,426869.096998302
152.21140472878997,0.4228094575799721,-21.603244194100732,1167.6857411533176,430367.868494598
153.21279554937414,0.4255910987482615,-21.6910988253542,1128.7656270288655,433747.1640940891
154.21418636995827,0.4283727399165507,-21.775933008644255,1089.5024272423773,437006.4903553845
155.2155771905424,0.43115438108484,-21.85772404703042,1049.9081007848874,440145.37562795146
156.21696801112657,0.4339360222531293,-21.936450082283713,1009.9947047297655,443163.36966114637
157.2183588317107,0.4367176634214186,-22.012090098022323,969.7743906117596,446060.04322392755
158.21974965229487,0.439499304589708,-22.084623922700896,929.2594007833651,448834.98773574416
159.221140472879,0.4422809457579972,-22.15403223245601,888.4620647495221,451487.81490907056
160.22253129346313,0.4450625869262865,-22.220296553810304,847.3947954815737,454018.15640404355
161.2239221140473,0.4478442280945758,-22.28339926623773,806.0700857114915,456425.6634956314
162.22531293463143,0.4506258692628651,-22.343323604592157,764.5005042072925,458710.00675375195
163.22670375521557,0.45340751043115435,-22.400053661401657,722.6986920306105,460870.87573673204
164.22809457579973,0.4561891515994437,-22.453574389030482,680.67735877737,462907.97869848175
165.22948539638386,0.45897079276773295,-22.503871601710905,638.4492788025065,464821.04230973904
166.230876216968,0.4617524339360222,-22.55093197744679,596.0272874296444,466609.8113937201
167.23226703755216,0.46453407510431155,-22.594743059790694,553.4242771466835,468274.0486764877
168.2336578581363,0.4673157162726008,-22.63529325949635,510.65319378821926,469813.53455233766
169.23504867872043,0.4700973574408901,-22.672571856048073,467.727032705681,471228.06686447415
170.2364394993046,0.4728789986091794,-22.70656899906865,424.65883492614057,472517.4607012345
171.23783031988873,0.4756606397774687,-22.737275709607143,381.4616833006807,473681.5482080984
172.23922114047286,0.47844228094575797,-22.764683881307867,338.14869864321787,474720.1784156978
173.24061196105703,0.4812239221140473,-22.788786281461835,294.7330358606967,475633.2170840289
174.24200278164116,0.48400556328233657,-22.80957655194161,251.22788007555297,476420.5465630401
175.24339360222532,0.4867872044506259,-22.827049210020697,207.64644274131078,477082.0656697596
176.24478442280946,0.48956884561891517,-22.841199649078227,164.00195775224338,477617.6895820986
177.2461752433936,0.49235048678720444,-22.85202413918964,120.30767754794664,478027.34974945337
178.24756606397776,0.4951321279554938,-22.859519827604167,76.57686921374065,478310.9938202053
179.2489568845619,0.49791376912378305,-22.863684739109367,32.822810577763775,478468.58558620076
180.25034770514603,0.5006954102920723,-22.86451777628334,-10.94121369435212,478500.10494427726
181.2517385257302,0.5034770514603616,-22.8620187196347,-54.70191600634707,478405.54787487164
182.25312934631432,0.5062586926286509,-22.856188227630604,-98.44600973885255,478184.9264377424
183.25452016689846,0.5090403337969401,-22.847027836612703,-142.16021315670207,477838.26878480526
184.25591098748262,0.5118219749652295,-22.83453996060116,-185.8312533151325,477365.61919007
185.25730180806676,0.5146036161335188,-22.81872789098625,-229.4458699640046,476767.03809664515
186.2586926286509,0.5173852573018081,-22.79959579610743,-272.9908194491781,476042.6021807562
187.26008344923505,0.5201668984700973,-22.777148720719325,-316.4528786101231,475192.4044327061
188.2614742698192,0.5229485396383866,-22.751392585344153,-359.818848672916,474216.55425468687
189.26286509040332,0.5257301808066759,-22.722334185509734,-403.0755591377255,473115.17757532967
190.2642559109875,0.5285118219749653,-22.689981190872516,-446.2098716598902,471888.4169808665
191.26564673157162,0.5312934631432545,-22.654342144224575,-489.2086839237014,470536.4318627512
192.26703755215578,0.5340751043115438,-22.615426460383492,-532.058933508015,469059.3985815715
193.26842837273992,0.5368567454798331,-22.573244424964177,-574.747601742753,467457.5106470658
194.26981919332405,0.5396383866481224,-22.52780719303115,-617.2617175554435,465730.9789140349
195.27121001390822,0.5424200278164117,-22.479126787630086,-659.5883613068531,463880.03179392166
196.27260083449235,0.545201668984701,-22.427216098197096,-701.7146686148194,461904.91548181506
197.2739916550765,0.5479833101529903,-22.372088878844114,-743.6278341653718,459805.8941986068
198.27538247566065,0.5507649513212796,-22.31375974651878,-785.315115510212,457583.2504480211
199.27677329624478,0.5535465924895688,-22.252244179037014,-826.7638368496208,455237.28528820776
200.27816411682892,0.5563282336578581,-22.187558512986307,-867.9613927998931,452768.3186175756
201.27955493741308,0.5591098748261475,-22.119719941497873,-908.895252144327,450176.689474521
202.28094575799722,0.5618915159944368,-22.048746511885494,-949.5529615668408,447462.7563506871
203.28233657858135,0.5646731571627259,-21.974657123148834,-989.9221493672828,444626.897517372
204.2837273991655,0.5674547983310153,-21.89747152333907,-1029.9905291574564,441669.5113646762
205.28511821974965,0.5702364394993046,-21.817210306784407,-1069.7459035369056,438591.0167529744
206.28650904033378,0.5730180806675939,-21.733894911172975,-1109.1761677475138,435391.8533762603
207.28789986091795,0.5757997218358832,-21.64754761449073,-1148.2693133059145,432072.48213690676
208.28929068150208,0.5785813630041724,-21.55819153181156,-1187.0134316127476,428633.38553135697
209.29068150208622,0.5813630041724617,-21.465850611937107,-1225.396717537781,425075.0680462424
210.29207232267038,0.5841446453407511,-21.370549633883364,-1263.4074729798942,421398.05656441057
211.2934631432545,0.5869262865090403,-21.272314203211348,-1301.0341104009187,417602.90078031516
212.29485396383868,0.5897079276773296,-21.171170748198914,-1338.2651563323577,413690.1736242108
213.2962447844228,0.5924895688456189,-21.067146515850766,-1375.0892548539393,409660.47169457364
214.29763560500695,0.5952712100139081,-20.96026956774357,-1411.4951710430098,405514.41569814144
215.2990264255911,0.5980528511821975,-20.85056877570328,-1447.4717943937337,401252.65089696244
216.30041724617524,0.6008344923504868,-20.7380738173114,-1483.0081422050666,396875.84756180795
217.30180806675938,0.6036161335187761,-20.622815171237086,-1518.0933629364908,392384.70143129496
218.30319888734354,0.6063977746870653,-20.504824112391944,-1552.7167395304336,387779.9341760436
219.30458970792768,0.6091794158553546,-20.384132706904186,-1586.867692700361,383062.29386717174
220.3059805285118,0.6119610570236439,-20.260773806908958,-1620.5357841834884,378232.55544841755
221.30737134909597,0.6147426981919333,-20.13478104515152,-1653.7107199570398,373291.52121115575
222.3087621696801,0.6175243393602226,-20.00618882940002,-1686.382353417014,368240.0212715646
223.31015299026424,0.6203059805285118,-19.875032336664454,-1718.5406885184104,363078.9140491687
224.3115438108484,0.6230876216968011,-19.741347507218542,-1750.1758828758186,357809.0867459847
225.31293463143254,0.6258692628650904,-19.605171038421204,-1781.2782508233356,352431.45582546137
226.31432545201667,0.6286509040333796,-19.4665403783342,-1811.8382664327432,346946.9674904023
227.31571627260084,0.631432545201669,-19.32549371913275,-1841.8465664888663,341356.5981590376
228.31710709318497,0.6342141863699583,-19.18206999030567,-1871.2939534210484,335661.3549383974
229.31849791376914,0.6369958275382476,-19.036308851641827,-1900.171398189696,329862.27609412157
230.31988873435327,0.6397774687065368,-18.88825068599968,-1928.4700431267904,323960.43151583505
231.3212795549374,0.6425591098748261,-18.73793659185646,-1956.1812047293497,317956.92317718774
232.32267037552157,0.6453407510431155,-18.58540837563407,-1983.2963764047356,311852.8855896642
233.3240611961057,0.6481223922114048,-18.430708543798325,-2009.807231166771,305649.48624924175
234.32545201668984,0.650904033379694,-18.273880294728517,-2035.7056242816138,299347.92607496644
235.326842837274,0.6536856745479833,-18.11496751035423,-2060.9835958623385,292949.4398385098
236.32823365785814,0.6564673157162726,-17.954014747556435,-2085.6333734111568,286455.29658375646
237.32962447844227,0.6592489568845619,-17.791067229329933,-2109.6473743082865,279866.80003546004
238.33101529902643,0.6620305980528512,-17.626170835704215,-2133.0182082464007,273185.2889959982
239.33240611961057,0.6648122392211404,-17.459372094420214,-2155.738679609647,266412.13772925554
240.3337969401947,0.6675938803894297,-17.290718171359927,-2177.8017897962422,259548.75633064355
241.33518776077887,0.6703755215577191,-17.120256860726716,-2199.200739483611,252596.59108227518
242.336578581363,0.6731571627260083,-16.94803657497347,-2219.928930835108,245557.1247922958
243.33796940194713,0.6759388038942976,-16.774106334476485,-2239.9799696473347,238431.877117372
244.3393602225313,0.6787204450625869,-16.598515756952743,-2259.347667437073,231222.4048673428
245.34075104311543,0.6815020862308762,-16.421315046618478,-2278.0260434669126,223930.30229102797
246.34214186369957,0.6842837273991654,-16.24255498308704,-2296.0093267086163,216557.20134218942
247.34353268428373,0.6870653685674548,-16.062286910004158,-2313.291957743324,209104.77192464835
248.34492350486786,0.6898470097357441,-15.880562723419033,-2329.8685905976686,201574.72211555942
249.34631432545203,0.6926286509040334,-15.697434859889503,-2345.734094514954,193968.79836584372
250.34770514603616,0.6954102920723226,-15.512956284320088,-2360.8835556605077,186288.78567679285
251.3490959666203,0.6981919332406119,-15.327180477531527,-2375.312278760384,178536.50775186
252.35048678720446,0.7009735744089013,-15.140161423560842,-2389.015788672585,170713.82712266335
253.3518776077886,0.7037552155771906,-14.951953596691073,-2401.989831890007,162822.64524823552
254.35326842837273,0.7065368567454798,-14.762611948209878,-2414.2303779743447,154864.90258656253
255.3546592489569,0.7093184979137691,-14.572191892896548,-2425.7336209202003,146842.5786374685
256.356050069541,0.7121001390820584,-14.380749295237308,-2436.4959804486684,138757.69195592645
257.3574408901252,0.7148817802503478,-14.188340455368467,-2446.5141032297183,130612.30013486784
258.3588317107093,0.7176634214186369,-13.995022094747902,-2455.784864032681,122408.4997566118
259.36022253129346,0.7204450625869263,-13.800851341554928,-2464.3053668042294,114148.42631202337
260.3616133518776,0.7232267037552156,-13.605885715819328,-2472.072945673224,105834.25408655907
261.36300417246173,0.7260083449235049,-13.41018311428018,-2479.085165881842,97468.19601235662
262.3643949930459,0.7287899860917941,-13.213801794975597,-2485.3398246424695,89052.50348556516
263.36578581363005,0.7315716272600835,-13.016800361564654,-2490.834951919801,80589.46614813805
264.36717663421416,0.7343532684283727,-12.819237747382997,-2495.568811137708,72081.41163332602
265.3685674547983,0.7371349095966621,-12.621173199233846,-2499.539899810394,63530.70527415105
266.3699582753825,0.7399165507649513,-12.422666260916598,-2502.7469500974444,54939.749774171345
267.3713490959666,0.7426981919332405,-12.223776756495134,-2505.1889292823853,46310.984839870915
268.37273991655076,0.7454798331015299,-12.024564773308455,-2506.8650401744158,37646.886774053375
269.3741307371349,0.7482614742698193,-11.82509064472657,-2507.774721433004,28949.96802965431
270.375521557719,0.7510431154381084,-11.625414932654621,-2507.9176478150825,20222.776723422012
271.3769123783032,0.7538247566063977,-11.425598409788632,-2507.293730344616,11467.896108954023
272.37830319888735,0.7566063977746871,-11.225702041626695,-2505.903116404356,2687.944008633872
273.37969401947146,0.7593880389429762,-11.025786968239387,-2503.7461897496146,-6114.427795963972
274.3810848400556,0.7621696801112656,-10.825914485803684,-2500.8235704439726,-14936.534215573001
275.3824756606398,0.764951321279555,-10.62614602790509,-2497.1361147168204,-23775.65754696185
276.38386648122395,0.7677329624478443,-10.426543146612538,-2492.684914742728,-32629.0482091778
277.38525730180805,0.7705146036161334,-10.227167493331397,-2487.4712983426293,-41493.92552252863
278.3866481223922,0.7732962447844228,-10.02808079943989,-2481.4968286068865,-50367.47853048499
279.3880389429764,0.7760778859527122,-9.829344856714789,-2474.763303440319,-59246.866864618605
280.3894297635605,0.7788595271210014,-9.631021497552213,-2467.27275502932,-68129.2216526536
281.39082058414465,0.7816411682892906,-9.433172574989994,-2459.027449231245,-77011.64646963666
282.3922114047288,0.78442280945758,-9.23585994253821,-2450.029884886275,-85891.21833217882
283.3936022253129,0.7872044506258692,-9.039145433824835,-2440.2827930520098,-94764.9887356637
284.3949930458971,0.7899860917941586,-8.843090842063555,-2429.789136161083,-103629.98473426135
285.39638386648124,0.7927677329624478,-8.647757899351575,-2418.5521071021326,-112483.21006350858
286.39777468706535,0.7955493741307371,-8.453208255804949,-2406.575128224502,-121321.64630517685
287.3991655076495,0.7983310152990264,-8.259503458539674,-2393.8618502670756,-130142.25409406853
288.4005563282337,0.8011126564673158,-8.06670493050701,-2380.416151211713,-138941.97436632036
289.4019471488178,0.8038942976356049,-7.874873949191569,-2366.2421350617606,-147717.72964873788
290.40333796940195,0.8066759388038943,-7.684071625181234,-2351.344130546171,-156466.42538860842
291.4047287899861,0.8094575799721836,-7.494358880618229,-2335.726689749804,-165184.95132337295
292.4061196105702,0.8122392211404729,-7.305796427540755,-2319.3945866704944,-173870.1828894834
293.4075104311544,0.8150208623087621,-7.118444746125045,-2302.352815703546,-182518.9826696907
294.40890125173854,0.8178025034770515,-6.93236406283798,-2284.6065900543053,-191128.2018779469
295.41029207232265,0.8205841446453407,-6.7476143285105605,-2266.161340079539,-199694.68188103908
296.4116828929068,0.8233657858136301,-6.564255196342743,-2247.0227115583425,-208215.25575600736
297.413073713491,0.8261474269819193,-6.382345999850677,-2227.1965638933725,-216686.7498823208
298.4144645340751,0.8289290681502085,-6.201945730767256,-2206.68896824319,-225105.9855677336
299.41585535465924,0.8317107093184979,-6.023113016907347,-2185.5062055865587,-233469.78070666993
300.4172461752434,0.8344923504867873,-5.845906100009357,-2163.654764719574,-241774.95146991184
301.4186369958275,0.8372739916550764,-5.670382813564743,-2141.1413401865084,-250018.31402431914
302.4200278164117,0.8400556328233658,-5.4966005606474955,-2117.9728301452865,-258196.68628122917
303.42141863699584,0.8428372739916551,-5.324616291755876,-2094.1563341685674,-266306.88967212394
304.42280945757994,0.8456189151599443,-5.1544864826786005,-2069.699150981379,-274345.75095009874
305.4242002781641,0.8484005563282336,-4.986267112398096,-2044.6087761363121,-282310.10401559714
306.42559109874827,0.851182197496523,-4.8200136410436265,-2018.8928996273103,-290196.7917648158
307.4269819193324,0.8539638386648122,-4.655780987906965,-1992.559403443065,-298002.6679591371
308.42837273991654,0.8567454798331015,-4.493623509533808,-1965.6163590611097,-305724.5991138773
309.4297635605007,0.8595271210013908,-4.333594977904029,-1938.0720248836801,-313359.46640458883
310.4311543810848,0.86230876216968,-4.175748558713971,-1909.9348436164266,-320904.1675891109
311.432545201669,0.8650904033379694,-4.020136789774242,-1881.2134395911141,-328355.61894349876
312.43393602225314,0.8678720445062587,-3.8668115595365316,-1851.9166160334314,-335710.75720992056
313.4353268428373,0.870653685674548,-3.7158240857628737,-1822.0533522770365,-342966.5415545701
314.4367176634214,0.8734353268428372,-3.567224894351126,-1791.6328009250187,-350119.9555335921
315.43810848400557,0.8762169680111266,-3.421063798330246,-1760.6642849599114,-357168.0090649811
316.43949930458973,0.878998609179416,-3.2773898770392216,-1729.157294803468,-364107.7404043759
317.44089012517384,0.8817802503477051,-3.1362514555032823,-1697.1214853273443,-370936.2181226382
318.442280945758,0.8845618915159944,-2.9976960840212157,-1664.566672815895,-377650.5430830733
319.44367176634216,0.8873435326842838,-2.8617705179775945,-1631.5028318822874,-384247.85041611723
320.44506258692627,0.890125173852573,-2.72852069789363,-1597.94009233912,-390725.3114892936
321.44645340751043,0.8929068150208623,-2.5979917297303103,-1563.8887360247359,-397080.1358702254
322.4478442280946,0.8956884561891516,-2.4702278654576317,-1529.3591935864706,-403309.57328045665
323.4492350486787,0.8984700973574409,-2.3452724839033925,-1494.3620412220018,-409410.9155378375
324.45062586926286,0.9012517385257302,-2.2231680718951154,-1458.9079973800206,-415381.49848520564
325.452016689847,0.9040333796940195,-2.103956205708614,-1423.0079194214452,-421218.7039030903
326.45340751043113,0.9068150208623087,-1.9876775328363736,-1386.6728002423413,-426919.96140416915
327.4547983310153,0.9095966620305981,-1.8743717540890261,-1349.9137648597728,-432482.75030719716
328.45618915159946,0.9123783031988874,-1.7640776060430063,-1312.7420669617773,-437904.6014881344
329.45757997218357,0.9151599443671766,-1.6568328438471625,-1275.169085422638,-443183.0992062152
330.45897079276773,0.9179415855354659,-1.552674224401119,-1237.206320784637,-448315.88290269655
331.4603616133519,0.9207232267037553,-1.4516374899179312,-1198.8653917074926,-453300.6489700557
332.461752433936,0.9235048678720444,-1.3537573518832595,-1160.158031386599,-458135.1524894146
333.46314325452016,0.9262865090403338,-1.259067475423265,-1121.0960839412783,-462817.2089339982
334.4645340751043,0.9290681502086231,-1.167600464093027,-1081.6915007741688,-467344.6958364573
335.46592489568843,0.9318497913769123,-1.0793878450971006,-1041.9563369028933,-471715.5544179225
336.4673157162726,0.9346314325452016,-0.9944600549535493,-1001.90274726514,-475927.79117668886
337.46870653685676,0.937413073713491,-0.912846425612576,-961.5429829983013,-479979.47943446244
338.47009735744086,0.9401947148817802,-0.8345751710404203,-920.8893876947491,-483868.7608381609
339.471488178025,0.9429763560500695,-0.7596733742790461,-879.9543936338624,-487593.84681528783
340.4728789986092,0.9457579972183588,-0.6881669749917637,-838.7505179919192,-491153.01998096093
341.4742698191933,0.948539638386648,-0.6200807575045195,-797.2903590308973,-494544.63549472945
342.47566063977746,0.9513212795549374,-0.5554383393523499,-755.5865922672726,-497767.1223653692
343.4770514603616,0.9541029207232268,-0.4942621603401008,-713.6519666218892,-500818.9847019044
344.4784422809457,0.9568845618915159,-0.43657347212604686,-671.4993005519077,-503698.8029091781
345.4798331015299,0.9596662030598052,-0.38239232833682885,-629.1414781659136,-506405.2348263503
346.48122392211405,0.9624478442280946,-0.3317375752215691,-586.5914453231901,-508937.0168067807
347.48261474269816,0.9652294853963838,-0.2846268428527174,-543.86220571817,-511292.96473782585
348.4840055632823,0.9680111265646731,-0.24107653688069813,-500.966816951075,-513471.97499915754
349.4853963838665,0.9707927677329624,-0.20110183084908548,-457.9183865857628,-515473.02535828477
350.48678720445065,0.9735744089012518,-0.1647166590764813,-414.73006819573243,-517295.1758020541
351.48817802503476,0.976356050069541,-0.13193371011091548,-371.4150573992979,-518937.56930297666
352.4895688456189,0.9791376912378303,-0.1027644207621096,-327.986587884878,-520399.4325193235
353.4909596662031,0.9819193324061197,-0.07721897071646895,-284.4579274274008,-521680.0764280225
354.4923504867872,0.9847009735744089,-0.05530627773920819,-240.8423738967386,-522778.896889473
355.49374130737135,0.9874826147426982,-0.037033993467540285,-197.15325125914242,-523695.375143497
356.4951321279555,0.9902642559109875,-0.022408499798405458,-153.4039055726453,-524429.0782357334
357.4965229485396,0.9930458970792767,-0.011434905873672336,-109.60770097731941,-524979.6593738808
358.4979137691238,0.9958275382475661,-0.004117045665324183,-65.77801568137693,-525346.8582132926
359.49930458970795,0.9986091794158554,-0.0004574761626010967,-21.92823794402228,-525530.5010715224
360.50069541029205,1.0013908205841446,-0.0004574761626010967,21.928237944021046,-525530.5010715224
361.5020862308762,1.004172461752434,-0.004117045665324183,65.77801568137569,-525346.8582132926
362.5034770514604,1.0069541029207232,-0.011434905873672336,109.60770097731819,-524979.6593738808
363.5048678720445,1.0097357440890125,-0.022408499798405458,153.4039055726441,-524429.0782357334
364.50625869262865,1.0125173852573017,-0.03703399346754162,197.1532512591434,-523695.375143497
365.5076495132128,1.0152990264255912,-0.05530627773920952,240.84237389673953,-522778.8968894729
366.5090403337969,1.0180806675938803,-0.07721897071647028,284.45792742740184,-521680.0764280224
367.5104311543811,1.0208623087621698,-0.1027644207621096,327.986587884879,-520399.4325193235
368.51182197496524,1.023643949930459,-0.13193371011091548,371.4150573992989,-518937.56930297666
369.51321279554935,1.026425591098748,-0.16471665907647998,414.7300681957312,-517295.1758020542
370.5146036161335,1.0292072322670376,-0.20110183084908415,457.9183865857616,-515473.0253582848
371.5159944367177,1.0319888734353269,-0.24107653688069683,500.9668169510737,-513471.97499915765
372.5173852573018,1.0347705146036161,-0.2846268428527134,543.8622057181666,-511292.9647378261
373.51877607788595,1.0375521557719054,-0.3317375752215678,586.591445323189,-508937.01680678077
374.5201668984701,1.0403337969401947,-0.38239232833682757,629.1414781659123,-506405.23482635035
375.5215577190542,1.043115438108484,-0.4365734721260429,671.4993005519045,-503698.80290917837
376.5229485396384,1.0458970792767732,-0.4942621603400982,713.6519666218882,-500818.9847019045
377.52433936022254,1.0486787204450627,-0.5554383393523511,755.5865922672735,-497767.12236536917
378.52573018080665,1.0514603616133518,-0.620080757504517,797.2903590308963,-494544.63549472956
379.5271210013908,1.054242002781641,-0.6881669749917649,838.7505179919199,-491153.0199809608
380.528511821975,1.0570236439499305,-0.7596733742790488,879.9543936338633,-487593.84681528766
381.5299026425591,1.0598052851182196,-0.8345751710404138,920.8893876947459,-483868.7608381613
382.53129346314324,1.062586926286509,-0.9128464256125735,961.5429829983002,-479979.47943446256
383.5326842837274,1.0653685674547984,-0.994460054953548,1001.9027472651388,-475927.7911766889
384.53407510431157,1.0681502086230876,-1.079387845097098,1041.9563369028924,-471715.5544179227
385.5354659248957,1.070931849791377,-1.1676004640930242,1081.6915007741677,-467344.69583645737
386.53685674547984,1.0737134909596662,-1.2590674754232623,1121.0960839412771,-462817.20893399825
387.538247566064,1.0764951321279557,-1.3537573518832569,1160.1580313865982,-458135.15248941473
388.5396383866481,1.0792767732962447,-1.4516374899179272,1198.8653917074914,-453300.64897005586
389.54102920723227,1.082058414464534,-1.55267422440112,1237.2063207846381,-448315.8829026965
390.54242002781643,1.0848400556328235,-1.6568328438471651,1275.169085422639,-443183.099206215
391.54381084840054,1.0876216968011125,-1.7640776060430077,1312.742066961778,-437904.6014881344
392.5452016689847,1.090403337969402,-1.8743717540890288,1349.9137648597734,-432482.750307197
393.54659248956887,1.0931849791376913,-1.987677532836376,1386.6728002423422,-426919.961404169
394.547983310153,1.0959666203059806,-2.1039562057086107,1423.0079194214438,-421218.7039030904
395.54937413073714,1.0987482614742698,-2.223168071895113,1458.9079973800197,-415381.4984852057
396.5507649513213,1.1015299026425591,-2.3452724839033885,1494.3620412220005,-409410.9155378377
397.5521557719054,1.1043115438108484,-2.4702278654576277,1529.3591935864692,-403309.5732804568
398.55354659248957,1.1070931849791377,-2.5979917297303063,1563.8887360247347,-397080.13587022555
399.55493741307373,1.109874826147427,-2.7285206978936256,1597.940092339119,-390725.3114892938
400.55632823365784,1.1126564673157162,-2.8617705179775905,1631.5028318822865,-384247.85041611746
401.557719054242,1.1154381084840055,-2.9976960840212117,1664.5666728158942,-377650.5430830735
402.55910987482616,1.118219749652295,-3.1362514555032854,1697.1214853273452,-370936.218122638
403.56050069541027,1.121001390820584,-3.2773898770392242,1729.1572948034686,-364107.7404043757
404.56189151599443,1.1237830319888735,-3.4210637983302483,1760.6642849599123,-357168.00906498096
405.5632823365786,1.1265646731571628,-3.5672248943511304,1791.6328009250192,-350119.9555335919
406.5646731571627,1.1293463143254518,-3.7158240857628697,1822.0533522770359,-342966.5415545704
407.56606397774686,1.1321279554937413,-3.8668115595365276,1851.9166160334307,-335710.7572099207
408.567454798331,1.1349095966620306,-4.020136789774239,1881.2134395911135,-328355.61894349894
409.56884561891513,1.13769123783032,-4.175748558713959,1909.9348436164246,-320904.1675891115
410.5702364394993,1.1404728789986092,-4.333594977904025,1938.0720248836792,-313359.466404589
411.57162726008346,1.1432545201668984,-4.493623509533805,1965.616359061109,-305724.5991138774
412.57301808066757,1.1460361613351877,-4.655780987906953,1992.5594034430628,-298002.66795913776
413.57440890125173,1.148817802503477,-4.820013641043623,2018.8928996273096,-290196.7917648159
414.5757997218359,1.1515994436717665,-4.9862671123980995,2044.6087761363126,-282310.10401559697
415.57719054242,1.1543810848400555,-5.154486482678595,2069.6991509813784,-274345.75095009897
416.57858136300416,1.1571627260083448,-5.32461629175588,2094.1563341685674,-266306.88967212377
417.5799721835883,1.1599443671766343,-5.4966005606475,2117.972830145287,-258196.686281229
418.58136300417243,1.1627260083449233,-5.6703828135647285,2141.1413401865066,-250018.31402431973
419.5827538247566,1.1655076495132128,-5.845906100009351,2163.6547647195734,-241774.9514699121
420.58414464534076,1.1682892906815021,-6.023113016907342,2185.5062055865574,-233469.78070667022
421.5855354659249,1.1710709318497914,-6.2019457307672505,2206.6889682431897,-225105.98556773385
422.586926286509,1.1738525730180807,-6.3823459998506715,2227.1965638933725,-216686.74988232096
423.5883171070932,1.17663421418637,-6.564255196342738,2247.022711558342,-208215.25575600765
424.58970792767735,1.1794158553546592,-6.747614328510554,2266.161340079538,-199694.68188103932
425.59109874826146,1.1821974965229485,-6.932364062837975,2284.606590054305,-191128.20187794714
426.5924895688456,1.1849791376912377,-7.11844474612504,2302.352815703546,-182518.98266969091
427.5938803894298,1.1877607788595272,-7.305796427540759,2319.3945866704953,-173870.18288948317
428.5952712100139,1.1905424200278163,-7.494358880618233,2335.726689749804,-165184.95132337275
429.59666203059805,1.1933240611961058,-7.684071625181239,2351.344130546171,-156466.42538860822
430.5980528511822,1.196105702364395,-7.874873949191574,2366.2421350617606,-147717.72964873767
431.5994436717663,1.1988873435326843,-8.066704930507004,2380.416151211712,-138941.97436632065
432.6008344923505,1.2016689847009736,-8.259503458539667,2393.8618502670756,-130142.25409406879
433.60222531293465,1.2044506258692629,-8.453208255804944,2406.5751282245014,-121321.64630517708
434.60361613351876,1.2072322670375522,-8.647757899351568,2418.5521071021326,-112483.21006350886
435.6050069541029,1.2100139082058414,-8.84309084206355,2429.789136161083,-103629.9847342616
436.6063977746871,1.2127955493741307,-9.03914543382483,2440.2827930520098,-94764.98873566395
437.6077885952712,1.21557719054242,-9.235859942538205,2450.0298848862744,-85891.21833217908
438.60917941585535,1.2183588317107092,-9.433172574989989,2459.0274492312446,-77011.64646963691
439.6105702364395,1.2211404728789987,-9.631021497552217,2467.2727550293203,-68129.2216526534
440.6119610570236,1.2239221140472878,-9.829344856714792,2474.7633034403193,-59246.86686461841
441.6133518776078,1.2267037552155773,-10.028080799439895,2481.496828606887,-50367.47853048479
442.61474269819195,1.2294853963838666,-10.2271674933314,2487.4712983426293,-41493.92552252845
443.61613351877605,1.2322670375521556,-10.426543146612532,2492.684914742728,-32629.048209178054
444.6175243393602,1.235048678720445,-10.626146027905085,2497.1361147168204,-23775.65754696211
445.6189151599444,1.2378303198887344,-10.825914485803679,2500.8235704439726,-14936.53421557325
446.6203059805285,1.2406119610570236,-11.025786968239371,2503.746189749614,-6114.427795964663
447.62169680111265,1.243393602225313,-11.225702041626691,2505.903116404356,2687.944008633636
448.6230876216968,1.2461752433936022,-11.425598409788625,2507.2937303446156,11467.896108953773
449.6244784422809,1.2489568845618915,-11.625414932654605,2507.9176478150825,20222.77672342132
450.6258692628651,1.2517385257301807,-11.825090644726565,2507.774721433004,28949.968029654065
451.62726008344924,1.25452016689847,-12.02456477330845,2506.8650401744158,37646.88677405313
452.62865090403335,1.2573018080667593,-12.223776756495129,2505.1889292823853,46310.98483987068
453.6300417246175,1.2600834492350486,-12.422666260916602,2502.7469500974435,54939.74977417154
454.6314325452017,1.262865090403338,-12.621173199233851,2499.539899810394,63530.70527415125
455.6328233657858,1.265646731571627,-12.819237747382981,2495.568811137709,72081.41163332536
456.63421418636995,1.2684283727399166,-13.016800361564648,2490.8349519198014,80589.4661481378
457.6356050069541,1.2712100139082059,-13.213801794975591,2485.3398246424695,89052.50348556493
458.63699582753827,1.2739916550764951,-13.410183114280184,2479.085165881842,97468.1960123568
459.6383866481224,1.2767732962447844,-13.60588571581933,2472.0729456732242,105834.25408655926
460.63977746870654,1.2795549374130737,-13.800851341554923,2464.30536680423,114148.42631202312
461.6411682892907,1.282336578581363,-13.995022094747908,2455.784864032681,122408.49975661197
462.6425591098748,1.2851182197496522,-14.18834045536845,2446.5141032297192,130612.30013486721
463.643949930459,1.2878998609179415,-14.380749295237303,2436.4959804486684,138757.69195592622
464.64534075104314,1.290681502086231,-14.572191892896543,2425.7336209202003,146842.57863746828
465.64673157162724,1.29346314325452,-14.762611948209862,2414.2303779743456,154864.90258656186
466.6481223922114,1.2962447844228095,-14.951953596691078,2401.9898318900064,162822.64524823576
467.64951321279557,1.2990264255910988,-15.140161423560837,2389.015788672585,170713.82712266312
468.6509040333797,1.301808066759388,-15.327180477531511,2375.3122787603847,178536.50775185935
469.65229485396384,1.3045897079276774,-15.512956284320094,2360.8835556605068,186288.78567679305
470.653685674548,1.3073713490959666,-15.697434859889508,2345.7340945149535,193968.79836584392
471.6550764951321,1.310152990264256,-15.880562723419025,2329.868590597669,201574.72211555924
472.65646731571627,1.3129346314325452,-16.062286910004165,2313.2919577433236,209104.7719246485
473.65785813630043,1.3157162726008345,-16.242554983087032,2296.0093267086168,216557.2013421892
474.65924895688454,1.3184979137691237,-16.421315046618474,2278.026043466913,223930.30229102777
475.6606397774687,1.321279554937413,-16.598515756952732,2259.3476674370745,231222.40486734232
476.66203059805287,1.3240611961057025,-16.774106334476482,2239.9799696473356,238431.87711737177
477.663421418637,1.3268428372739915,-16.948036574973468,2219.928930835109,245557.12479229562
478.66481223922113,1.3296244784422808,-17.120256860726712,2199.2007394836114,252596.59108227506
479.6662030598053,1.3324061196105703,-17.29071817135993,2177.801789796242,259548.75633064366
480.6675938803894,1.3351877607788594,-17.459372094420207,2155.7386796096475,266412.1377292553
481.66898470097357,1.3379694019471489,-17.62617083570421,2133.018208246401,273185.288995998
482.67037552155773,1.3407510431154381,-17.791067229329936,2109.6473743082856,279866.8000354602
483.67176634214184,1.3435326842837274,-17.954014747556442,2085.6333734111563,286455.2965837566
484.673157162726,1.3463143254520167,-18.114967510354223,2060.983595862339,292949.43983850954
485.67454798331016,1.349095966620306,-18.273880294728524,2035.7056242816132,299347.9260749666
486.67593880389427,1.3518776077885952,-18.43070854379831,2009.807231166773,305649.4862492413
487.67732962447843,1.3546592489568845,-18.585408375634064,1983.2963764047358,311852.8855896641
488.6787204450626,1.3574408901251738,-18.73793659185645,1956.181204729352,317956.92317718733
489.6801112656467,1.360222531293463,-18.888250685999665,1928.470043126793,323960.4315158346
490.68150208623086,1.3630041724617523,-19.03630885164183,1900.1713981896953,329862.27609412174
491.682892906815,1.3657858136300418,-19.182069990305664,1871.2939534210495,335661.35493839707
492.68428372739913,1.3685674547983309,-19.325493719132748,1841.8465664888681,341356.59815903736
493.6856745479833,1.3713490959666204,-19.4665403783342,1811.8382664327432,346946.9674904023
494.68706536856746,1.3741307371349096,-19.6051710384212,1781.2782508233363,352431.4558254612
495.6884561891516,1.376912378303199,-19.74134750721855,1750.1758828758173,357809.08674598497
496.68984700973573,1.3796940194714882,-19.875032336664454,1718.5406885184104,363078.9140491687
497.6912378303199,1.3824756606397774,-20.006188829400017,1686.3823534170149,368240.0212715644
498.69262865090406,1.3852573018080667,-20.134781045151527,1653.7107199570373,373291.5212111563
499.69401947148816,1.388038942976356,-20.260773806908947,1620.5357841834914,378232.5554484171
500.6954102920723,1.3908205841446453,-20.384132706904186,1586.8676927003614,383062.2938671717
501.6968011126565,1.3936022253129348,-20.50482411239194,1552.7167395304343,387779.93417604343
502.6981919332406,1.3963838664812238,-20.622815171237075,1518.0933629364936,392384.7014312946
503.69958275382476,1.3991655076495133,-20.7380738173114,1483.0081422050666,396875.84756180784
504.7009735744089,1.4019471488178026,-20.85056877570328,1447.4717943937337,401252.65089696244
505.702364394993,1.4047287899860916,-20.96026956774357,1411.495171043012,405514.4156981413
506.7037552155772,1.4075104311543811,-21.067146515850773,1375.0892548539389,409660.47169457364
507.70514603616135,1.4102920723226704,-21.171170748198914,1338.2651563323577,413690.17362421076
508.70653685674546,1.4130737134909597,-21.27231420321134,1301.0341104009206,417602.90078031487
509.7079276773296,1.415855354659249,-21.370549633883368,1263.407472979893,421398.0565644107
510.7093184979138,1.4186369958275382,-21.465850611937107,1225.3967175377818,425075.06804624235
511.7107093184979,1.4214186369958275,-21.55819153181156,1187.0134316127485,428633.3855313568
512.712100139082,1.4242002781641168,-21.647547614490723,1148.2693133059165,432072.48213690653
513.7134909596662,1.426981919332406,-21.733894911172968,1109.1761677475176,435391.8533762599
514.7148817802504,1.4297635605006955,-21.817210306784407,1069.7459035369068,438591.01675297436
515.7162726008345,1.4325452016689846,-21.89747152333907,1029.9905291574585,441669.511364676
516.7176634214186,1.4353268428372739,-21.974657123148827,989.922149367287,444626.8975173717
517.7190542420028,1.4381084840055633,-22.048746511885494,949.5529615668408,447462.7563506871
518.7204450625869,1.4408901251738526,-22.119719941497873,908.8952521443281,450176.6894745208
519.721835883171,1.4436717663421417,-22.1875585129863,867.9613927998963,452768.3186175754
520.7232267037552,1.4464534075104312,-22.252244179037014,826.7638368496209,455237.28528820776
521.7246175243394,1.4492350486787204,-22.31375974651878,785.315115510213,457583.25044802105
522.7260083449235,1.4520166898470097,-22.37208887884411,743.6278341653751,459805.89419860666
523.7273991655077,1.4547983310152992,-22.427216098197096,701.7146686148185,461904.91548181506
524.7287899860918,1.4575799721835883,-22.479126787630086,659.5883613068532,463880.03179392166
525.7301808066759,1.4603616133518775,-22.527807193031148,617.2617175554457,465730.9789140347
526.7315716272601,1.463143254520167,-22.57324442496418,574.7476017427521,467457.51064706594
527.7329624478442,1.465924895688456,-22.615426460383492,532.0589335080152,469059.3985815715
528.7343532684283,1.4687065368567453,-22.65434214422457,489.2086839237037,470536.43186275114
529.7357440890125,1.4714881780250348,-22.689981190872516,446.2098716598883,471888.4169808666
530.7371349095966,1.4742698191933241,-22.722334185509734,403.07555913772563,473115.17757532967
531.7385257301808,1.4770514603616132,-22.751392585344153,359.81884867291717,474216.55425468687
532.739916550765,1.4798331015299027,-22.777148720719328,316.452878610121,475192.4044327061
533.7413073713491,1.482614742698192,-22.79959579610743,272.9908194491783,476042.6021807562
534.7426981919332,1.485396383866481,-22.818727890986246,229.4458699640058,476767.03809664515
535.7440890125174,1.4881780250347705,-22.834539960601163,185.83125331512932,477365.61919007
536.7454798331015,1.4909596662030598,-22.847027836612703,142.1602131567055,477838.26878480526
537.7468706536856,1.493741307371349,-22.856188227630604,98.4460097388571,478184.9264377424
538.7482614742698,1.4965229485396385,-22.8620187196347,54.70191600634829,478405.54787487164
539.749652294854,1.4993045897079276,-22.86451777628334,10.941213694355572,478500.10494427726
540.751043115438,1.5020862308762168,-22.863684739109367,-32.82281057775921,478468.58558620076
541.7524339360223,1.5048678720445063,-22.859519827604167,-76.57686921373943,478310.9938202053
542.7538247566064,1.5076495132127954,-22.85202413918964,-120.30767754794431,478027.34974945337
543.7552155771905,1.5104311543810847,-22.841199649078227,-164.00195775223997,477617.6895820987
544.7566063977747,1.5132127955493742,-22.827049210020697,-207.6464427413107,477082.0656697596
545.7579972183588,1.5159944367176634,-22.80957655194161,-251.22788007555064,476420.5465630401
546.7593880389429,1.5187760778859525,-22.78878628146184,-294.7330358606932,475633.217084029
547.7607788595271,1.521557719054242,-22.764683881307867,-338.1486986432167,474720.1784156978
548.7621696801112,1.5243393602225312,-22.737275709607143,-381.46168330067945,473681.5482080984
549.7635605006955,1.5271210013908207,-22.70656899906865,-424.6588349261426,472517.4607012345
550.7649513212796,1.52990264255911,-22.672571856048073,-467.7270327056808,471228.06686447415
551.7663421418637,1.532684283727399,-22.63529325949635,-510.653193788218,469813.5345523377
552.7677329624479,1.5354659248956886,-22.59474305979069,-553.4242771466857,468274.0486764876
553.769123783032,1.5382475660639778,-22.55093197744679,-596.0272874296443,466609.8113937201
554.7705146036161,1.5410292072322669,-22.503871601710905,-638.4492788025063,464821.04230973904
555.7719054242003,1.5438108484005564,-22.453574389030475,-680.6773587773731,462907.9786984815
556.7732962447844,1.5465924895688457,-22.400053661401657,-722.6986920306114,460870.87573673204
557.7746870653685,1.549374130737135,-22.343323604592157,-764.5005042072924,458710.00675375195
558.7760778859528,1.5521557719054244,-22.283399266237726,-806.0700857114946,456425.6634956312
559.7774687065369,1.5549374130737135,-22.2202965538103,-847.3947954815748,454018.15640404343
560.778859527121,1.5577190542420027,-22.15403223245601,-888.4620647495219,451487.81490907056
561.7802503477052,1.5605006954102922,-22.084623922700892,-929.2594007833691,448834.9877357439
562.7816411682893,1.5632823365785813,-22.012090098022323,-969.7743906117573,446060.0432239278
563.7830319888734,1.5660639777468706,-21.93645008228372,-1009.9947047297627,443163.3696611466
564.7844228094576,1.56884561891516,-21.857724047030423,-1049.9081007848863,440145.3756279515
565.7858136300417,1.5716272600834493,-21.77593300864426,-1089.502427242375,437006.4903553847
566.7872044506258,1.5744089012517384,-21.691098825354203,-1128.7656270288621,433747.1640940894
567.78859527121,1.5771905424200279,-21.603244194100732,-1167.6857411533176,430367.868494598
568.7899860917942,1.5799721835883171,-21.512392647251165,-1206.250912304346,426869.096998302
569.7913769123783,1.5827538247566062,-21.418568549163155,-1244.4493884228852,423251.36523858935
570.7927677329625,1.5855354659248957,-21.321797092593734,-1282.2695262492362,419515.2114516224
571.7941585535466,1.588317107093185,-21.222104294950924,-1319.6997948434569,415661.19689620426
572.7955493741307,1.5910987482614742,-21.11951699438497,-1356.728779078145,411689.9062821565
573.7969401947149,1.5938803894297637,-21.014062845716325,-1393.345183102531,407601.94820662774
574.798331015299,1.5966620305980528,-20.905770316197273,-1429.5378337768896,403397.9555977182
575.7997218358831,1.599443671766342,-20.794668681104056,-1465.2956840762795,399078.58616478776
576.8011126564674,1.6022253129346316,-20.68078801915649,-1500.6078164625142,394644.52285480936
577.8025034770515,1.6050069541029208,-20.564159207761847,-1535.4634462233576,390096.4743140951
578.8038942976356,1.6077885952712099,-20.444813918079667,-1569.8519247779373,385435.175354708
579.8052851182198,1.6105702364394994,-20.32278460990443,-1603.762742947262,380661.3874248622
580.8066759388039,1.6133518776077886,-20.19810452636281,-1637.1855341888295,375775.89908258576
581.808066759388,1.6161335187760777,-20.070807688421926,-1670.1100777942934,370779.52647190494
582.8094575799722,1.6189151599443672,-19.9409288892057,-1702.5263020490813,365673.11380079604
583.8108484005563,1.6216968011126565,-19.808503688115746,-1734.4242873529229,360457.5338201319
584.8122392211404,1.6244784422809457,-19.67356840475334,-1765.7942693002574,355133.6883028214
585.8136300417247,1.6272600834492352,-19.53616011263946,-1796.6266417194104,349702.5085223456
586.8150208623088,1.6300417246175243,-19.39631663272939,-1826.9119596694713,344164.95572986297
587.8164116828929,1.6328233657858136,-19.254076526718364,-1856.640942393883,338522.0216290323
588.8178025034771,1.635605006954103,-19.10947909013541,-1885.8044762295533,332774.728847719
589.8191933240612,1.638386648122392,-18.962564345221704,-1914.3936174705238,326924.131405697
590.8205841446453,1.6411682892906814,-18.813373033590324,-1942.3995951850995,320971.315177466
591.8219749652295,1.6439499304589709,-18.661946608664174,-1969.8138139853565,314917.3983492922
592.8233657858136,1.6467315716272601,-18.508327227889023,-1996.627856747983,308763.5318695587
593.8247566063977,1.6495132127955492,-18.35255774471819,-2022.8334872854218,302510.89989149565
594.826147426982,1.6522948539638387,-18.19468170036615,-2048.4226529662155,296160.7202073675
595.827538247566,1.655076495132128,-18.034743315327933,-2073.3874872835336,289714.2446731662
596.8289290681502,1.657858136300417,-17.872787480661135,-2097.7203123708646,283172.7596228487
597.8303198887344,1.6606397774687065,-17.708859749027962,-2121.4136414637887,276537.5862711672
598.8317107093185,1.6634214186369958,-17.543006325494456,-2144.460181306838,269810.0811041123
599.8331015299026,1.666203059805285,-17.375274058083892,-2166.8528345044406,262991.6362559835
600.8344923504868,1.6689847009735745,-17.205710428082092,-2188.584701814903,256083.6798721125
601.8358831710709,1.6717663421418636,-17.03436354009203,-2209.649084386463,249087.67645624228
602.837273991655,1.6745479833101529,-16.861282111835035,-2230.039485934438,242005.12720155835
603.8386648122392,1.6773296244784424,-16.686515463696683,-2249.749614858461,234837.57030438614
604.8400556328234,1.6801112656467316,-16.510113508015063,-2268.7733862988825,227586.58125954724
605.8414464534075,1.6828929068150207,-16.332126738109075,-2287.1049241313863,220253.77313636552
606.8428372739917,1.6856745479833102,-16.152606217045307,-2304.7385628988854,212840.79683433432
607.8442280945758,1.6884561891515995,-15.971603566141466,-2321.6688496797838,205349.3413174382
608.8456189151599,1.6912378303198885,-15.789170953204563,-2337.8905458917507,197781.1338261262
609.8470097357441,1.694019471488178,-15.605361080502758,-2353.39862903008,190137.9400659559
610.8484005563282,1.6968011126564673,-15.420227172469337,-2368.1882943398214,182421.56437191635
611.8497913769123,1.6995827538247565,-15.233822963137568,-2382.254956420847,174633.84984744297
612.8511821974965,1.702364394993046,-15.046202683305642,-2395.59425076504,166776.6784771623
613.8525730180806,1.705146036161335,-14.857421047431083,-2408.202035224799,158851.97121241194
614.8539638386648,1.7079276773296244,-14.667533240253462,-2420.0743914121517,150861.68802856273
615.855354659249,1.7107093184979139,-14.476594903145616,-2431.2076260276835,142807.82795323376
616.8567454798331,1.713490959666203,-14.284662120192932,-2441.598272118604,134692.42906446813
617.8581363004172,1.7162726008344922,-14.091791404000542,-2451.243090265271,126517.56845795836
618.8595271210014,1.7190542420027817,-13.898039681228981,-2460.139069695497,118285.36218245066
619.8609179415855,1.721835883171071,-13.703464277858616,-2468.2834293260335,109997.96514245507
620.8623087621696,1.72461752433936,-13.50812290418335,-2475.6736187306387,101657.57096740989
621.8636995827538,1.7273991655076495,-13.312073639534809,-2482.3073190341456,93266.41184649483
622.865090403338,1.7301808066759388,-13.115374916738084,-2488.1824437320215,84826.75832829047
623.8664812239222,1.7329624478442283,-12.918085506300107,-2493.2971394349147,76340.91908450692
624.8678720445063,1.7357440890125173,-12.72026450033293,-2497.649786537713,67811.2406370643
625.8692628650904,1.7385257301808066,-12.52197129621311,-2501.238999812704,59240.10704778996
626.8706536856746,1.741307371349096,-12.323265579979864,-2504.063628926417,50629.93957007786
627.8720445062587,1.7440890125173854,-12.124207309474354,-2506.122758879814,41983.196261859855
628.8734353268428,1.7468706536856744,-11.924856697222395,-2507.4157103714833,33302.37155927455
629.874826147427,1.749652294853964,-11.725274193064124,-2507.942040083574,24589.99581048141
630.8762169680111,1.7524339360222532,-11.525520466533575,-2507.7015408901966,15848.63476908389
631.8776077885952,1.7552155771905424,-11.325656388991531,-2506.694241988113,7080.889046666253
632.8789986091795,1.757997218358832,-11.125743015515884,-2504.920408949509,-1710.6064759838869
633.8803894297636,1.760778859527121,-10.92584156655331,-2502.380543696752,-10523.183279374489
634.8817802503477,1.7635605006954103,-10.726013409336588,-2499.075384399019,-19354.139877890015
635.8831710709319,1.7663421418636998,-10.526320039072536,-2495.005905290759,-28200.74253474276
636.884561891516,1.7691237830319888,-10.326823059905406,-2490.1733164119582,-37060.22601955612
637.8859527121001,1.771905424200278,-10.127584165660695,-2484.5790632702615,-45929.7944087964
638.8873435326843,1.7746870653685676,-9.928665120375646,-2478.2248264250047,-54806.62192917359
639.8887343532684,1.7774687065368568,-9.730127738621684,-2471.112520993266,-63687.85384413266
640.8901251738525,1.780250347705146,-9.532033865625117,-2463.244296078098,-72570.60738346986
641.8915159944368,1.7830319888734354,-9.3344453571928,-2454.622534119121,-81451.97271604561
642.8929068150209,1.7858136300417247,-9.137424059449371,-2445.249850165721,-90329.01396552475
643.894297635605,1.7885952712100137,-8.941031788392964,-2435.1290910731104,-99198.77026901675
644.8956884561892,1.7913769123783032,-8.745330309277131,-2424.2633346215785,-108058.2568784026
645.8970792767733,1.7941585535465925,-8.550381315826447,-2412.655888559283,-116904.46630409721
646.8984700973574,1.7969401947148818,-8.356246409293599,-2400.3102895689544,-125734.36950093375
647.8998609179416,1.7997218358831713,-8.162987077366571,-2387.2303021589814,-134544.91709576797
648.9012517385257,1.8025034770514603,-7.970664672934286,-2373.4199174793152,-143333.04065635946
649.9026425591098,1.8052851182197496,-7.779340392719387,-2358.8833520627177,-152095.6540010221
650.904033379694,1.808066759388039,-7.5890752557875985,-2343.625046491898,-160829.654548446
651.9054242002782,1.8108484005563281,-7.399930081942912,-2327.6496639931224,-169531.9247070489
652.9068150208623,1.8136300417246174,-7.2119654700180975,-2310.962088956911,-178199.33330315116
653.9082058414465,1.8164116828929069,-7.02524177607082,-2293.5674253864795,-186828.73704717477
654.9095966620306,1.8191933240611962,-6.839819091495407,-2275.470995274639,-195416.98203702402
655.9109874826147,1.8219749652294852,-6.655757221060573,-2256.6783369098284,-203960.90529773905
656.9123783031989,1.8247566063977747,-6.473115660884133,-2237.195203112093,-212457.33635642176
657.913769123783,1.827538247566064,-6.291953576355541,-2217.0275593997753,-220903.09885138983
658.9151599443671,1.8303198887343533,-6.1123297800172605,-2196.1815820877164,-229295.0121744493
659.9165507649514,1.8331015299026427,-5.934302709416756,-2174.663656317868,-237629.89314508493
660.9179415855355,1.8358831710709318,-5.757930404940581,-2152.4803740231687,-245904.55771532666
661.9193324061196,1.838664812239221,-5.583270487642296,-2129.6385318255807,-254115.8227039851
662.9207232267038,1.8414464534075106,-5.410380137076531,-2106.145128869243,-262260.50755886565
663.9221140472879,1.8442280945757996,-5.239316069151521,-2082.0073645897264,-270335.4361455184
664.923504867872,1.8470097357440889,-5.070134514012101,-2057.2326364203013,-278337.4385610413
665.9248956884562,1.8497913769123784,-4.9028911939663535,-2031.8285374363084,-286263.35297135136
666.9262865090403,1.8525730180806677,-4.737641301468439,-2005.8028539386253,-294110.0274703097
667.9276773296244,1.8553546592489567,-4.574439477170415,-1979.1635629772682,-301874.3219590335
668.9290681502086,1.8581363004172462,-4.413339788056457,-1951.9188298162333,-309553.1100436426
669.9304589707928,1.8609179415855355,-4.254395705672501,-1924.0770053406557,-317143.2809496639
670.9318497913769,1.8636995827538245,-4.097660084464541,-1895.6466234073607,-324641.74145126063
671.9332406119611,1.866481223922114,-3.9431851402392817,-1866.6363981399857,-332045.41781338543
672.9346314325452,1.8692628650904033,-3.791022428760508,-1837.0552211697645,-339351.2577449311
673.9360222531293,1.8720445062586926,-3.6412228244946703,-1806.9121588231294,-346556.2323609052
674.9374130737135,1.874826147426982,-3.4938364995195976,-1776.2164492573033,-353657.3381515982
675.9388038942976,1.877607788595271,-3.348912902609926,-1744.9774995450628,-360651.59895668924
676.9401947148817,1.8803894297635604,-3.206500738512843,-1713.2048827097924,-367536.0679422043
677.941585535466,1.8831710709318499,-3.066647947428193,-1680.908334712089,-374307.8295781819
678.94297635605,1.885952712100139,-2.9294016847065727,-1648.0977513890818,-380964.00161489926
679.9443671766342,1.8887343532684282,-2.794808300779054,-1614.783185347617,-387501.73705547384
680.9457579972184,1.8915159944367177,-2.662913321332516,-1580.9748428125943,-393918.2261226251
681.9471488178025,1.894297635605007,-2.5337614277441745,-1546.683080431601,-400210.69821736944
682.9485396383866,1.897079276773296,-2.4073964377888024,-1511.9184020370403,-406376.4238674097
683.9499304589708,1.8998609179415855,-2.28386128663246,-1476.6914553670044,-412412.71666295046
684.9513212795549,1.9026425591098748,-2.1631980081260958,-1441.0130287460763,-418316.93517767295
685.952712100139,1.905424200278164,-2.0454477164122906,-1404.894047727225,-424086.4848726036
686.9541029207232,1.9082058414464536,-1.9306505878585574,-1368.345571696045,-429718.8199805909
687.9554937413074,1.9109874826147426,-1.8188458433303742,-1331.378790438548,-435211.4453691129
688.9568845618915,1.9137691237830319,-1.7100717308166,-1294.005020673603,-440561.918379164
689.9582753824757,1.9165507649513214,-1.604365508420443,-1256.2357025513177,-445767.8506379409
690.9596662030598,1.9193324061196104,-1.5017634277284344,-1218.0823961184967,-450826.90984309465
691.9610570236439,1.9221140472878997,-1.402300717569758,-1179.5567777523133,-455736.8215163188
692.9624478442281,1.9248956884561892,-1.3060115681783262,-1140.6706365634234,-460495.3707240631
693.9638386648122,1.9276773296244785,-1.2129291157694873,-1101.4358707696508,-465100.40376319067
694.9652294853963,1.9304589707927675,-1.1230854275430189,-1061.8644840413492,-469549.8298094361
695.9666203059805,1.933240611961057,-1.0365114871240615,-1021.9685818196521,-473841.6225265314
696.9680111265646,1.9360222531293463,-0.9532371804531131,-981.7603676087033,-477973.8216339259
697.9694019471489,1.9388038942976358,-0.8732912821358865,-941.2521392429436,-481944.53443106404
698.970792767733,1.9415855354659248,-0.7967014422639053,-900.4562851306632,-485751.93727621064
699.9721835883171,1.944367176634214,-0.7234941737158455,-859.3852804747951,-489394.27701789315
700.9735744089013,1.9471488178025036,-0.6536948399498048,-818.0516834721353,-492869.87237705337
701.9749652294854,1.9499304589707929,-0.5873276432960538,-776.4681314920282,-496177.1152780741
702.9763560500695,1.952712100139082,-0.5244156137594547,-734.6473372355402,-499314.47212690476
703.9777468706537,1.9554937413073714,-0.4649805983405896,-692.6020848762515,-502280.48503456323
704.9791376912378,1.9582753824756607,-0.4090432508840468,-650.3452261836707,-505073.7729843662
705.980528511822,1.9610570236439497,-0.35662302246193883,-607.8896766302697,-507693.03294131026
706.9819193324062,1.9638386648122395,-0.30773815230048596,-565.2484114832295,-510137.04090209
707.9833101529903,1.9666203059805285,-0.2624056592569246,-522.4344618818801,-512404.65288432385
708.9847009735744,1.9694019471488178,-0.22064133385357784,-479.46091090179056,-514494.8058536357
709.9860917941586,1.9721835883171073,-0.18245973087563747,-436.34088960658283,-516406.51858731406
710.9874826147427,1.9749652294853963,-0.14787416253863006,-393.0875730884144,-518138.8924733615
711.9888734353268,1.9777468706536856,-0.11689669223108998,-349.71417649806966,-519691.11224383576
712.990264255911,1.980528511821975,-0.0895381288375972,-306.2339510656804,-521062.44664146035
713.9916550764951,1.9833101529902644,-0.06580802164684933,-262.6601801130622,-522252.2490185831
714.9930458970792,1.9860917941585534,-0.045714655848826384,-219.0061750584937,-523259.9578676533
715.9944367176635,1.988873435326843,-0.02926504862485958,-175.28527141503085,-524085.0972824736
716.9958275382476,1.9916550764951322,-0.016464945833758154,-131.51082478323278,-524727.2773495875
717.9972183588317,1.9944367176634212,-0.00731881929671713,-87.69620683920249,-525186.194469254
718.9986091794159,1.9972183588317107,-0.0018298646832694628,-43.854801318954344,-525461.6316055615
720.0,2.0,-0.0,-1.2292186129636189e-12,-525553.4584653318
